Adsorbent,尺寸,Surface area ,孔径,孔容,zeta,-OH,-CO3,-COOH,-N,金属,非金属,pH,Mo初始浓度,Dose,吸附动力学,Mo adsorption capacity,
α-Al2O3,纳米,,,,,1,0,0,0,Al,,1,,125,30,69,
γ-Al2O3,微米,175,20,0.3,/,1,0,0,0,Al,,3,15000,2,,46,
MA_700,纳米,229,60,/,/,1,0,0,0,Al,,3,1000,2,120,31,
铝嵌入型介孔硅,纳米,463,32,0.47,/,1,0,0,0,Al,Si,3,1000,10,120,17,
AlEG-Pro(1)-700,微米,276,70,/,/,1,0,0,0,Al,,3,1000,10,120,41,
氧化铝微球,/,175,25,0.3,/,1,0,0,0,Al,,3,,,,46,
纳米晶γ-Al₂O₃,纳米,252,55,0.3,/,1,0,0,0,Al,,3,10000,10,10,205,
MA,微米,230,20,/,6.5,1,0,0,0,Al,,3,10000,9,30,225,
TUD-1,微米,402,80,0.84,6.5,1,0,0,0,Al,,2,4800,20,10,112,
Al99Mo 凝胶,微米,30,/,/,/,1,0,0,0,Al,,5,50000,,300,364,
介孔 γ-Al2O3,微米,287,18,/,6.5,1,0,0,0,Al,,3,25000,,30,375,
t-ZrO2,纳米,340,4,/,4.5,1,0,0,0,Zr,,9,10000,10,5,250,
单斜氧化锆MZ,,/,/,/,/,1,0,0,0,Zr,S、P,3,,100,60,77,
正交OZ,,/,/,/,/,1,0,0,0,Zr,,3,,100,60,150,
硫酸化SZ,微米,/,/,/,/,1,0,0,0,Zr,,7,,100,,16,
磷酸化PZ,微米,/,/,/,/,1,0,0,0,Zr,,3,,100,,13,
PZC,微米,/,/,/,/,1,0,0,0,Zr,,7,26000,100,1800,250,
PZC,微米,/,/,/,6.5,1,0,0,0,Zr,,2,20000,100,1800,318,
ZrOH4 #2,纳米,151,19.3,0.15,,1,1,0,0,Zr,,2,1000,10,1440,300,
ZrOH4 #1,纳米,76,,0.06,,1,1,0,0,Zr,,2,1000,10,1440,165,
UiO-66 (Zr),纳米,1624,6,0.59,9.2,0,0,1,0,Zr,,3,20000,10,1440,334,
Form-UiO-66,纳米,1653,6,0.61,9.5,0,0,1,0,Zr,,3,20000,10,1440,293,
UiO-66-NH2,纳米,295,6,0.11,9.1,0,0,1,1,Zr,,3,20000,10,1440,142,
UiO-66-NO2,,575,6,0.19,8.2,0,0,1,1,Zr,,3,20000,10,1440,225,
PCN-222,微米,1882,37,1.22,6.7,0,0,1,1,Zr,C,3,20000,6,180,525,
PCN-222,微米,1882,37,1.22,6.7,0,0,1,1,Zr,C,3,1500,6,60,220,
PCN-222,微米,1882,37,1.22,6.7,0,0,1,1,Zr,C,3,1500,6,150,220,
PCN-222,微米,1882,37,1.22,6.7,0,0,1,1,Zr,C,3,1500,6,300,220,
PCN-222,微米,1882,37,1.22,6.7,0,0,1,1,Zr,C,3,5000,6,180,350,
PCN-222,微米,1882,37,1.22,6.7,0,0,1,1,Zr,C,3,5000,6,300,365,
PCN-222,微米,1882,37,1.22,6.7,0,0,1,1,Zr,C,3,10000,6,180,410,
PCN-222,微米,1882,37,1.22,6.7,0,0,1,1,Zr,C,3,10000,6,300,410,
PCN-222,微米,1882,37,1.22,6.7,0,0,1,1,Zr,C,3,15000,6,300,450,
PCN-222,微米,1882,37,1.22,6.7,0,0,1,1,Zr,C,3,20000,6,300,475,
PCN-222,微米,1882,37,1.22,6.7,0,0,1,1,Zr,C,2,5000,6,300,457,
PCN-222,微米,1882,37,1.22,6.7,0,0,1,1,Zr,C,3,5000,6,300,350,
PCN-222,微米,1882,37,1.22,6.7,0,0,1,1,Zr,C,5,5000,6,300,210,
PCN-222,微米,1882,37,1.22,6.7,0,0,1,1,Zr,C,7.5,5000,6,300,150,
PCN-222,微米,1882,37,1.22,6.7,0,0,1,1,Zr,C,10,5000,6,300,140,
PCN-224,纳米,1467,10,0.56,6.7,0,0,1,1,Zr,C,3,20000,6,120,455,
PCN-224,纳米,1467,10,0.56,6.7,0,0,1,1,Zr,C,3,1500,6,60,160,
PCN-224,纳米,1467,10,0.56,6.7,0,0,1,1,Zr,C,3,1500,6,150,195,
PCN-224,纳米,1467,10,0.56,6.7,0,0,1,1,Zr,C,3,1500,6,300,195,
PCN-224,纳米,1467,10,0.56,6.7,0,0,1,1,Zr,C,3,5000,6,180,325,
PCN-224,纳米,1467,10,0.56,6.7,0,0,1,1,Zr,C,3,5000,6,300,330,
PCN-224,纳米,1467,10,0.56,6.7,0,0,1,1,Zr,C,3,10000,6,180,370,
PCN-224,纳米,1467,10,0.56,6.7,0,0,1,1,Zr,C,3,10000,6,300,380,
PCN-224,纳米,1467,10,0.56,6.7,0,0,1,1,Zr,C,3,15000,6,300,195,
PCN-224,纳米,1467,10,0.56,6.7,0,0,1,1,Zr,C,3,20000,6,300,410,
PCN-224,纳米,1467,10,0.56,6.7,0,0,1,1,Zr,C,2,5000,6,300,332,
PCN-224,纳米,1467,10,0.56,6.7,0,0,1,1,Zr,C,3,5000,6,300,321,
PCN-224,纳米,1467,10,0.56,6.7,0,0,1,1,Zr,C,5,5000,6,300,210,
PCN-224,纳米,1467,10,0.56,6.7,0,0,1,1,Zr,C,7.5,5000,6,300,145,
PCN-224,纳米,1467,10,0.56,6.7,0,0,1,1,Zr,C,8.7,5000,6,300,145,
TiP聚合物嵌入二氧化钛,纳米,30,400,/,/,0,0,1,0,Ti,,,,10,60,110,
商用TiO2,纳米,52,/,/,/,1,0,0,0,Ti,,7,100,4,1440,6.5,
溶胶‐凝胶TiO₂,纳米,/,/,/,/,1,0,0,0,Ti,,7,100,4,1440,2.5,
Hydrous TiO2,微米,/,/,/,/,1,0,0,0,Ti,,2,10000,166,60,230,
CeO2 CP-2,纳米,173,23,0.057,7,1,0,0,0,Ce,,3,5000,,60,184,
CeO2 HT-1,纳米,187,27,0.128,7,1,0,0,0,Ce,,3,5000,,15,192,
UiO-66 (Ce),纳米,1140,10,0.4,9,1,0,0,0,Ce,,3,20000,6,30,475,
UiO-66 (Ce),纳米,1140,10,0.4,9,1,0,0,0,Ce,,3,1500,6,30,140,
UiO-66 (Ce),纳米,1140,10,0.4,9,1,0,0,0,Ce,,3,1500,6,90,170,
UiO-66 (Ce),纳米,1140,10,0.4,9,1,0,0,0,Ce,,3,1500,6,180,175,
UiO-66 (Ce),纳米,1140,10,0.4,9,1,0,0,0,Ce,,3,5000,6,40,260,
UiO-66 (Ce),纳米,1140,10,0.4,9,1,0,0,0,Ce,,3,5000,6,70,270,
UiO-66 (Ce),纳米,1140,10,0.4,9,1,0,0,0,Ce,,3,5000,6,180,300,
UiO-66 (Ce),纳米,1140,10,0.4,9,1,0,0,0,Ce,,3,10000,6,40,350,
UiO-66 (Ce),纳米,1140,10,0.4,9,1,0,0,0,Ce,,3,10000,6,180,395,
UiO-66 (Ce),纳米,1140,10,0.4,9,1,0,0,0,Ce,,3,15000,6,180,380,
UiO-66 (Ce),纳米,1140,10,0.4,9,1,0,0,0,Ce,,3,20000,6,180,360,
UiO-66 (Ce),纳米,1140,10,0.4,9,1,0,0,0,Ce,,3,5000,6,180,400,
UiO-66 (Ce),纳米,1140,10,0.4,9,1,0,0,0,Ce,,3,5000,6,180,345,
UiO-66 (Ce),纳米,1140,10,0.4,9,1,0,0,0,Ce,,3,5000,6,180,250,
UiO-66 (Ce),纳米,1140,10,0.4,9,1,0,0,0,Ce,,3,5000,6,180,220,
UiO-66 (Ce),纳米,1140,10,0.4,9,1,0,0,0,Ce,,3,5000,6,180,182,
PCeCl,,,,,,1,0,0,0,Ce,,12,600,10,20,94,
壳聚糖1,微米,/,/,/,/,1,0,0,1,,C,3,200,0.1,,700,
壳聚糖2,微米,/,/,/,/,1,0,0,1,,C,3,200,0.1,,700,
壳聚糖3,纳米,/,/,/,6.3,1,0,0,1,,C,3,600,5,,265,
ZnAl-LDH,纳米,22,,0.05,,1,0,0,0,"Zn,Al",,6,100,1,120,114,
AlOOH,微米,105,35,0.25,9.9,1,0,0,0,Al,,2,33.31226117,2,720,2.945651442,
AlOOH,微米,105,35,0.25,9.9,1,0,0,0,Al,,2,60.1613487,2,720,10.61862141,
AlOOH,微米,105,35,0.25,9.9,1,0,0,0,Al,,2,87.52602224,2,720,20.00736624,
AlOOH,微米,105,35,0.25,9.9,1,0,0,0,Al,,2,116.0541514,2,720,27.96757961,
AlOOH,微米,105,35,0.25,9.9,1,0,0,0,Al,,2,173.5392019,2,720,49.68665874,
AlOOH,微米,105,35,0.25,9.9,1,0,0,0,Al,,2,223.4294238,2,720,65.47827899,
AlOOH,微米,105,35,0.25,9.9,1,0,0,0,Al,,2,342.8885277,2,720,104.129746,
AlOOH,微米,105,35,0.25,9.9,1,0,0,0,Al,,2,444.0591826,2,720,111.1839548,
AlOOH,微米,105,35,0.25,9.9,1,0,0,0,Al,,2,547.5972103,2,720,128.2657896,
AlOOH,微米,105,35,0.25,9.9,1,0,0,0,Al,,2,664.977247,2,720,139.6380093,
AlOOH,微米,105,35,0.25,9.9,1,0,0,0,Al,,2,863.5354978,2,720,155.5780181,
AlOOH,微米,105,35,0.25,9.9,1,0,0,0,Al,,2,1051.395453,2,720,190.1287814,
AlOOH,微米,105,35,0.25,9.9,1,0,0,0,Al,,2,33.31226117,2,720,2.080616649,
AlOOH,微米,105,35,0.25,9.9,1,0,0,0,Al,,2,60.1613487,2,720,6.315401325,
AlOOH,微米,105,35,0.25,9.9,1,0,0,0,Al,,2,87.52602224,2,720,17.70898971,
AlOOH,微米,105,35,0.25,9.9,1,0,0,0,Al,,2,116.0541514,2,720,25.07443129,
AlOOH,微米,105,35,0.25,9.9,1,0,0,0,Al,,2,173.5392019,2,720,42.33302085,
AlOOH,微米,105,35,0.25,9.9,1,0,0,0,Al,,2,223.4294238,2,720,66.97186075,
AlOOH,微米,105,35,0.25,9.9,1,0,0,0,Al,,2,342.8885277,2,720,102.1531393,
AlOOH,微米,105,35,0.25,9.9,1,0,0,0,Al,,2,444.0591826,2,720,112.6202823,
AlOOH,微米,105,35,0.25,9.9,1,0,0,0,Al,,2,547.5972103,2,720,134.7947979,
AlOOH,微米,105,35,0.25,9.9,1,0,0,0,Al,,2,664.977247,2,720,161.2322904,
AlOOH,微米,105,35,0.25,9.9,1,0,0,0,Al,,2,863.5354978,2,720,143.7769449,
AlOOH,微米,105,35,0.25,9.9,1,0,0,0,Al,,2,1051.395453,2,720,172.4578137,
AlOOH,微米,105,35,0.25,9.9,1,0,0,0,Al,,2,634.3025338,2,720,138.8694723,
AlOOH,微米,105,35,0.25,9.9,1,0,0,0,Al,,3,634.3025338,2,720,119.7597795,
AlOOH,微米,105,35,0.25,9.9,1,0,0,0,Al,,4,634.3025338,2,720,65.9972152,
AlOOH,微米,105,35,0.25,9.9,1,0,0,0,Al,,5,634.3025338,2,720,46.91117666,
AlOOH,微米,105,35,0.25,9.9,1,0,0,0,Al,,6,634.3025338,2,720,13.36925768,
AlOOH,微米,105,35,0.25,9.9,1,0,0,0,Al,,7,634.3025338,2,720,17.34258446,
AlOOH,微米,105,35,0.25,9.9,1,0,0,0,Al,,8,634.3025338,2,720,20.36407959,
AlOOH,微米,105,35,0.25,9.9,1,0,0,0,Al,,9,634.3025338,2,720,14.93214131,
AlOOH,微米,105,35,0.25,9.9,1,0,0,0,Al,,10,634.3025338,2,720,10.01308299,
AlOOH,微米,105,35,0.25,9.9,1,0,0,0,Al,,11,634.3025338,2,720,1.716059362,
AlOOH,微米,105,35,0.25,9.9,1,0,0,0,Al,,2,634.3025338,2,720,159.003126,
AlOOH,微米,105,35,0.25,9.9,1,0,0,0,Al,,3,634.3025338,2,720,109.4258764,
AlOOH,微米,105,35,0.25,9.9,1,0,0,0,Al,,4,634.3025338,2,720,81.03303859,
AlOOH,微米,105,35,0.25,9.9,1,0,0,0,Al,,5,634.3025338,2,720,68.36388541,
AlOOH,微米,105,35,0.25,9.9,1,0,0,0,Al,,6,634.3025338,2,720,24.07730834,
AlOOH,微米,105,35,0.25,9.9,1,0,0,0,Al,,7,634.3025338,2,720,16.51204046,
AlOOH,微米,105,35,0.25,9.9,1,0,0,0,Al,,8,634.3025338,2,720,10.00993945,
AlOOH,微米,105,35,0.25,9.9,1,0,0,0,Al,,9,634.3025338,2,720,9.688788293,
AlOOH,微米,105,35,0.25,9.9,1,0,0,0,Al,,10,634.3025338,2,720,10.38875765,
AlOOH,微米,105,35,0.25,9.9,1,0,0,0,Al,,11,634.3025338,2,720,0,
AlOOH,微米,105,35,0.25,9.9,1,0,0,0,Al,,2,641.8735292,0.5,720,358.8254459,
AlOOH,微米,105,35,0.25,9.9,1,0,0,0,Al,,2,641.8735292,1,720,186.6865898,
AlOOH,微米,105,35,0.25,9.9,1,0,0,0,Al,,2,641.8735292,2,720,124.4755529,
AlOOH,微米,105,35,0.25,9.9,1,0,0,0,Al,,2,641.8735292,3,720,119.4109523,
AlOOH,微米,105,35,0.25,9.9,1,0,0,0,Al,,2,641.8735292,5,720,78.49885009,
AlOOH,微米,105,35,0.25,9.9,1,0,0,0,Al,,2,641.8735292,0.5,720,364.787958,
AlOOH,微米,105,35,0.25,9.9,1,0,0,0,Al,,2,641.8735292,1,720,185.6419558,
AlOOH,微米,105,35,0.25,9.9,1,0,0,0,Al,,2,641.8735292,2,720,123.5711507,
AlOOH,微米,105,35,0.25,9.9,1,0,0,0,Al,,2,641.8735292,3,720,119.6126131,
AlOOH,微米,105,35,0.25,9.9,1,0,0,0,Al,,2,641.8735292,5,720,79.10082822,
AlOOH,微米,105,35,0.25,9.9,1,0,0,0,Al,,2,116.7090412,2,2,38.45814056,
AlOOH,微米,105,35,0.25,9.9,1,0,0,0,Al,,2,116.7090412,2,5,37.57801418,
AlOOH,微米,105,35,0.25,9.9,1,0,0,0,Al,,2,116.7090412,2,10,37.81038407,
AlOOH,微米,105,35,0.25,9.9,1,0,0,0,Al,,2,116.7090412,2,15,37.22580599,
AlOOH,微米,105,35,0.25,9.9,1,0,0,0,Al,,2,116.7090412,2,25,37.95456337,
AlOOH,微米,105,35,0.25,9.9,1,0,0,0,Al,,2,116.7090412,2,35,37.05313805,
AlOOH,微米,105,35,0.25,9.9,1,0,0,0,Al,,2,116.7090412,2,65,38.17840847,
AlOOH,微米,105,35,0.25,9.9,1,0,0,0,Al,,2,116.7090412,2,95,38.32265236,
AlOOH,微米,105,35,0.25,9.9,1,0,0,0,Al,,2,116.7090412,2,155,38.61828428,
AlOOH,微米,105,35,0.25,9.9,1,0,0,0,Al,,2,116.7090412,2,245,36.85117082,
AlOOH,微米,105,35,0.25,9.9,1,0,0,0,Al,,2,116.7090412,2,335,36.55743162,
AlOOH,微米,105,35,0.25,9.9,1,0,0,0,Al,,2,116.7090412,2,2,38.85874197,
AlOOH,微米,105,35,0.25,9.9,1,0,0,0,Al,,2,116.7090412,2,5,39.27325585,
AlOOH,微米,105,35,0.25,9.9,1,0,0,0,Al,,2,116.7090412,2,10,39.56030487,
AlOOH,微米,105,35,0.25,9.9,1,0,0,0,Al,,2,116.7090412,2,15,39.04955205,
AlOOH,微米,105,35,0.25,9.9,1,0,0,0,Al,,2,116.7090412,2,25,39.01651596,
AlOOH,微米,105,35,0.25,9.9,1,0,0,0,Al,,2,116.7090412,2,35,39.93958359,
AlOOH,微米,105,35,0.25,9.9,1,0,0,0,Al,,2,116.7090412,2,65,40.06604996,
AlOOH,微米,105,35,0.25,9.9,1,0,0,0,Al,,2,116.7090412,2,95,40.3618365,
AlOOH,微米,105,35,0.25,9.9,1,0,0,0,Al,,2,116.7090412,2,155,40.17161192,
AlOOH,微米,105,35,0.25,9.9,1,0,0,0,Al,,2,116.7090412,2,245,38.42769338,
AlOOH,微米,105,35,0.25,9.9,1,0,0,0,Al,,2,116.7090412,2,335,37.97196111,
AlOOH,微米,105,35,0.25,9.9,1,0,0,0,Al,,2,664.977247,2,2,175.6506728,
AlOOH,微米,105,35,0.25,9.9,1,0,0,0,Al,,2,664.977247,2,5,183.870881,
AlOOH,微米,105,35,0.25,9.9,1,0,0,0,Al,,2,664.977247,2,10,165.6448565,
AlOOH,微米,105,35,0.25,9.9,1,0,0,0,Al,,2,664.977247,2,20,136.8040408,
AlOOH,微米,105,35,0.25,9.9,1,0,0,0,Al,,2,664.977247,2,30,126.999634,
AlOOH,微米,105,35,0.25,9.9,1,0,0,0,Al,,2,664.977247,2,60,151.5181167,
AlOOH,微米,105,35,0.25,9.9,1,0,0,0,Al,,2,664.977247,2,90,145.1763094,
AlOOH,微米,105,35,0.25,9.9,1,0,0,0,Al,,2,664.977247,2,150,155.8930378,
AlOOH,微米,105,35,0.25,9.9,1,0,0,0,Al,,2,664.977247,2,270,141.6638938,
AlOOH,微米,105,35,0.25,9.9,1,0,0,0,Al,,2,664.977247,2,360,208.5255083,
AlOOH,微米,105,35,0.25,9.9,1,0,0,0,Al,,2,664.977247,2,540,183.6310613,
AlOOH,微米,105,35,0.25,9.9,1,0,0,0,Al,,2,664.977247,2,720,191.572313,
AlOOH,微米,105,35,0.25,9.9,1,0,0,0,Al,,2,664.977247,2,2,174.1421409,
AlOOH,微米,105,35,0.25,9.9,1,0,0,0,Al,,2,664.977247,2,5,150.2303983,
AlOOH,微米,105,35,0.25,9.9,1,0,0,0,Al,,2,664.977247,2,10,166.7655566,
AlOOH,微米,105,35,0.25,9.9,1,0,0,0,Al,,2,664.977247,2,20,134.67834,
AlOOH,微米,105,35,0.25,9.9,1,0,0,0,Al,,2,664.977247,2,30,134.8536106,
AlOOH,微米,105,35,0.25,9.9,1,0,0,0,Al,,2,664.977247,2,60,174.8697644,
AlOOH,微米,105,35,0.25,9.9,1,0,0,0,Al,,2,664.977247,2,90,187.3547803,
AlOOH,微米,105,35,0.25,9.9,1,0,0,0,Al,,2,664.977247,2,150,156.1690987,
AlOOH,微米,105,35,0.25,9.9,1,0,0,0,Al,,2,664.977247,2,270,197.8102515,
AlOOH,微米,105,35,0.25,9.9,1,0,0,0,Al,,2,664.977247,2,360,155.2648825,
AlOOH,微米,105,35,0.25,9.9,1,0,0,0,Al,,2,664.977247,2,540,157.3807419,
AlOOH,微米,105,35,0.25,9.9,1,0,0,0,Al,,2,664.977247,2,720,191.9980262,
AlOHCO3,纳米,40,40,0.25,7.8,1,1,0,0,Al,,5,24.78672021,2,720,8.663565747,
AlOHCO3,纳米,40,40,0.25,7.8,1,1,0,0,Al,,5,48.54295547,2,720,20.88440862,
AlOHCO3,纳米,40,40,0.25,7.8,1,1,0,0,Al,,5,73.7403777,2,720,31.75543447,
AlOHCO3,纳米,40,40,0.25,7.8,1,1,0,0,Al,,5,98.11889933,2,720,41.27583934,
AlOHCO3,纳米,40,40,0.25,7.8,1,1,0,0,Al,,5,147.3499626,2,720,71.14121908,
AlOHCO3,纳米,40,40,0.25,7.8,1,1,0,0,Al,,5,196.868273,2,720,90.75131324,
AlOHCO3,纳米,40,40,0.25,7.8,1,1,0,0,Al,,5,295.5710825,2,720,131.7762094,
AlOHCO3,纳米,40,40,0.25,7.8,1,1,0,0,Al,,5,396.83263,2,720,194.9100201,
AlOHCO3,纳米,40,40,0.25,7.8,1,1,0,0,Al,,5,490.6770062,2,720,214.0729159,
AlOHCO3,纳米,40,40,0.25,7.8,1,1,0,0,Al,,5,590.813458,2,720,251.5485728,
AlOHCO3,纳米,40,40,0.25,7.8,1,1,0,0,Al,,5,808.496207,2,720,254.6876145,
AlOHCO3,纳米,40,40,0.25,7.8,1,1,0,0,Al,,5,956.3753216,2,720,241.3538463,
AlOHCO3,纳米,40,40,0.25,7.8,1,1,0,0,Al,,5,1386.506652,2,720,258.4109606,
AlOHCO3,纳米,40,40,0.25,7.8,1,1,0,0,Al,,5,24.78672021,2,720,12.15035305,
AlOHCO3,纳米,40,40,0.25,7.8,1,1,0,0,Al,,5,48.54295547,2,720,24.51664418,
AlOHCO3,纳米,40,40,0.25,7.8,1,1,0,0,Al,,5,73.7403777,2,720,38.01050397,
AlOHCO3,纳米,40,40,0.25,7.8,1,1,0,0,Al,,5,98.11889933,2,720,44.80315038,
AlOHCO3,纳米,40,40,0.25,7.8,1,1,0,0,Al,,5,147.3499626,2,720,67.28308796,
AlOHCO3,纳米,40,40,0.25,7.8,1,1,0,0,Al,,5,196.868273,2,720,95.56712279,
AlOHCO3,纳米,40,40,0.25,7.8,1,1,0,0,Al,,5,295.5710825,2,720,133.7425713,
AlOHCO3,纳米,40,40,0.25,7.8,1,1,0,0,Al,,5,396.83263,2,720,183.7188102,
AlOHCO3,纳米,40,40,0.25,7.8,1,1,0,0,Al,,5,490.6770062,2,720,224.0534275,
AlOHCO3,纳米,40,40,0.25,7.8,1,1,0,0,Al,,5,590.813458,2,720,274.8067732,
AlOHCO3,纳米,40,40,0.25,7.8,1,1,0,0,Al,,5,808.496207,2,720,267.0923938,
AlOHCO3,纳米,40,40,0.25,7.8,1,1,0,0,Al,,5,956.3753216,2,720,249.9063877,
AlOHCO3,纳米,40,40,0.25,7.8,1,1,0,0,Al,,5,1386.506652,2,720,261.1120682,
AlOHCO3,纳米,40,40,0.25,7.8,1,1,0,0,Al,,5,132.9769045,1,2,117.804734,
AlOHCO3,纳米,40,40,0.25,7.8,1,1,0,0,Al,,5,132.9769045,1,5,115.20177,
AlOHCO3,纳米,40,40,0.25,7.8,1,1,0,0,Al,,5,132.9769045,1,10,116.6009918,
AlOHCO3,纳米,40,40,0.25,7.8,1,1,0,0,Al,,5,132.9769045,1,20,117.213914,
AlOHCO3,纳米,40,40,0.25,7.8,1,1,0,0,Al,,5,132.9769045,1,30,117.2991469,
AlOHCO3,纳米,40,40,0.25,7.8,1,1,0,0,Al,,5,132.9769045,1,60,118.5406964,
AlOHCO3,纳米,40,40,0.25,7.8,1,1,0,0,Al,,5,132.9769045,1,90,117.9977604,
AlOHCO3,纳米,40,40,0.25,7.8,1,1,0,0,Al,,5,132.9769045,1,150,121.7142356,
AlOHCO3,纳米,40,40,0.25,7.8,1,1,0,0,Al,,5,132.9769045,1,270,119.5570795,
AlOHCO3,纳米,40,40,0.25,7.8,1,1,0,0,Al,,5,132.9769045,1,360,119.5938069,
AlOHCO3,纳米,40,40,0.25,7.8,1,1,0,0,Al,,5,132.9769045,1,550,119.5617837,
AlOHCO3,纳米,40,40,0.25,7.8,1,1,0,0,Al,,5,132.9769045,1,780,120.1561707,
AlOHCO3,纳米,40,40,0.25,7.8,1,1,0,0,Al,,5,132.9769045,1,1440,120.3492813,
AlOHCO3,纳米,40,40,0.25,7.8,1,1,0,0,Al,,5,138.5247693,1,2,116.8801276,
AlOHCO3,纳米,40,40,0.25,7.8,1,1,0,0,Al,,5,138.5247693,1,5,117.221985,
AlOHCO3,纳米,40,40,0.25,7.8,1,1,0,0,Al,,5,138.5247693,1,10,114.319103,
AlOHCO3,纳米,40,40,0.25,7.8,1,1,0,0,Al,,5,138.5247693,1,20,114.9573922,
AlOHCO3,纳米,40,40,0.25,7.8,1,1,0,0,Al,,5,138.5247693,1,30,115.8654893,
AlOHCO3,纳米,40,40,0.25,7.8,1,1,0,0,Al,,5,138.5247693,1,60,117.1329093,
AlOHCO3,纳米,40,40,0.25,7.8,1,1,0,0,Al,,5,138.5247693,1,90,117.5213873,
AlOHCO3,纳米,40,40,0.25,7.8,1,1,0,0,Al,,5,138.5247693,1,150,118.0889703,
AlOHCO3,纳米,40,40,0.25,7.8,1,1,0,0,Al,,5,138.5247693,1,270,118.1061404,
AlOHCO3,纳米,40,40,0.25,7.8,1,1,0,0,Al,,5,138.5247693,1,350,118.7946265,
AlOHCO3,纳米,40,40,0.25,7.8,1,1,0,0,Al,,5,138.5247693,1,540,118.726119,
AlOHCO3,纳米,40,40,0.25,7.8,1,1,0,0,Al,,5,138.5247693,1,770,119.200376,
AlOHCO3,纳米,40,40,0.25,7.8,1,1,0,0,Al,,5,138.5247693,1,1440,119.0247269,
AlOHCO3,纳米,40,40,0.25,7.8,1,1,0,0,Al,,5,486.6034615,2,2,186.9266783,
AlOHCO3,纳米,40,40,0.25,7.8,1,1,0,0,Al,,5,486.6034615,2,5,151.8329271,
AlOHCO3,纳米,40,40,0.25,7.8,1,1,0,0,Al,,5,486.6034615,2,10,157.0803131,
AlOHCO3,纳米,40,40,0.25,7.8,1,1,0,0,Al,,5,486.6034615,2,20,186.5390098,
AlOHCO3,纳米,40,40,0.25,7.8,1,1,0,0,Al,,5,486.6034615,2,30,211.4272402,
AlOHCO3,纳米,40,40,0.25,7.8,1,1,0,0,Al,,5,486.6034615,2,60,210.5740681,
AlOHCO3,纳米,40,40,0.25,7.8,1,1,0,0,Al,,5,486.6034615,2,105,216.3562865,
AlOHCO3,纳米,40,40,0.25,7.8,1,1,0,0,Al,,5,486.6034615,2,145,217.0655016,
AlOHCO3,纳米,40,40,0.25,7.8,1,1,0,0,Al,,5,486.6034615,2,270,217.6962019,
AlOHCO3,纳米,40,40,0.25,7.8,1,1,0,0,Al,,5,486.6034615,2,360,218.538991,
AlOHCO3,纳米,40,40,0.25,7.8,1,1,0,0,Al,,5,486.6034615,2,460,219.4099796,
AlOHCO3,纳米,40,40,0.25,7.8,1,1,0,0,Al,,5,486.6034615,2,780,218.7651185,
AlOHCO3,纳米,40,40,0.25,7.8,1,1,0,0,Al,,5,486.6034615,2,1440,219.8152313,
AlOHCO3,纳米,40,40,0.25,7.8,1,1,0,0,Al,,5,345.299665,2,2,140.9428515,
AlOHCO3,纳米,40,40,0.25,7.8,1,1,0,0,Al,,5,345.299665,2,5,158.6112183,
AlOHCO3,纳米,40,40,0.25,7.8,1,1,0,0,Al,,5,345.299665,2,10,161.6821809,
AlOHCO3,纳米,40,40,0.25,7.8,1,1,0,0,Al,,5,345.299665,2,20,162.5757369,
AlOHCO3,纳米,40,40,0.25,7.8,1,1,0,0,Al,,5,345.299665,2,30,162.2101311,
AlOHCO3,纳米,40,40,0.25,7.8,1,1,0,0,Al,,5,345.299665,2,60,161.4020648,
AlOHCO3,纳米,40,40,0.25,7.8,1,1,0,0,Al,,5,345.299665,2,90,160.6590009,
AlOHCO3,纳米,40,40,0.25,7.8,1,1,0,0,Al,,5,345.299665,2,120,159.545423,
AlOHCO3,纳米,40,40,0.25,7.8,1,1,0,0,Al,,5,345.299665,2,180,160.0300254,
AlOHCO3,纳米,40,40,0.25,7.8,1,1,0,0,Al,,5,345.299665,2,1320,160.9249964,
AlOHCO3,纳米,40,40,0.25,7.8,1,1,0,0,Al,,4,702.8763259,2,720,307.3297553,
AlOHCO3,纳米,40,40,0.25,7.8,1,1,0,0,Al,,5,702.8763259,2,720,290.3349077,
AlOHCO3,纳米,40,40,0.25,7.8,1,1,0,0,Al,,6,702.8763259,2,720,230.1795694,
AlOHCO3,纳米,40,40,0.25,7.8,1,1,0,0,Al,,7,702.8763259,2,720,166.2490183,
AlOHCO3,纳米,40,40,0.25,7.8,1,1,0,0,Al,,8,702.8763259,2,720,102.9520372,
AlOHCO3,纳米,40,40,0.25,7.8,1,1,0,0,Al,,9,702.8763259,2,720,65.53667537,
AlOHCO3,纳米,40,40,0.25,7.8,1,1,0,0,Al,,10,702.8763259,2,720,33.18774339,
AlOHCO3,纳米,40,40,0.25,7.8,1,1,0,0,Al,,11,702.8763259,2,720,38.53506495,
AlOHCO3,纳米,40,40,0.25,7.8,1,1,0,0,Al,,4,702.8763259,2,720,286.8837205,
AlOHCO3,纳米,40,40,0.25,7.8,1,1,0,0,Al,,5,702.8763259,2,720,290.4376573,
AlOHCO3,纳米,40,40,0.25,7.8,1,1,0,0,Al,,6,702.8763259,2,720,223.4226275,
AlOHCO3,纳米,40,40,0.25,7.8,1,1,0,0,Al,,7,702.8763259,2,720,174.0131699,
AlOHCO3,纳米,40,40,0.25,7.8,1,1,0,0,Al,,8,702.8763259,2,720,112.6310061,
AlOHCO3,纳米,40,40,0.25,7.8,1,1,0,0,Al,,9,702.8763259,2,720,61.24940629,
AlOHCO3,纳米,40,40,0.25,7.8,1,1,0,0,Al,,10,702.8763259,2,720,31.37750153,
AlOHCO3,纳米,40,40,0.25,7.8,1,1,0,0,Al,,11,702.8763259,2,720,35.33837014,
AlOHCO3,纳米,40,40,0.25,7.8,1,1,0,0,Al,,5,641.8735292,0.5,720,96.14270658,
AlOHCO3,纳米,40,40,0.25,7.8,1,1,0,0,Al,,5,641.8735292,1,720,155.2975931,
AlOHCO3,纳米,40,40,0.25,7.8,1,1,0,0,Al,,5,641.8735292,2,720,192.9091965,
AlOHCO3,纳米,40,40,0.25,7.8,1,1,0,0,Al,,5,641.8735292,3,720,187.8340344,
AlOHCO3,纳米,40,40,0.25,7.8,1,1,0,0,Al,,5,641.8735292,5,720,113.2660932,
AlOHCO3,纳米,40,40,0.25,7.8,1,1,0,0,Al,,5,641.8735292,0.5,720,116.4312113,
AlOHCO3,纳米,40,40,0.25,7.8,1,1,0,0,Al,,5,641.8735292,1,720,155.0330451,
AlOHCO3,纳米,40,40,0.25,7.8,1,1,0,0,Al,,5,641.8735292,2,720,194.0357964,
AlOHCO3,纳米,40,40,0.25,7.8,1,1,0,0,Al,,5,641.8735292,3,720,189.7644192,
AlOHCO3,纳米,40,40,0.25,7.8,1,1,0,0,Al,,5,641.8735292,5,720,114.6193519,
LiAl-LDH,微米,20,100,0.054,9.2,1,1,0,0,"Li, Al",,4,641.8735292,0.5,720,463.7869038,
LiAl-LDH,微米,20,100,0.054,9.2,1,1,0,0,"Li, Al",,4,641.8735292,1,720,349.6692406,
LiAl-LDH,微米,20,100,0.054,9.2,1,1,0,0,"Li, Al",,4,641.8735292,2,720,249.111179,
LiAl-LDH,微米,20,100,0.054,9.2,1,1,0,0,"Li, Al",,4,641.8735292,3,720,188.2697071,
LiAl-LDH,微米,20,100,0.054,9.2,1,1,0,0,"Li, Al",,4,641.8735292,5,720,124.3365411,
LiAl-LDH,微米,20,100,0.054,9.2,1,1,0,0,"Li, Al",,4,641.8735292,0.5,720,442.2511524,
LiAl-LDH,微米,20,100,0.054,9.2,1,1,0,0,"Li, Al",,4,641.8735292,1,720,343.5739057,
LiAl-LDH,微米,20,100,0.054,9.2,1,1,0,0,"Li, Al",,4,641.8735292,2,720,248.1875561,
LiAl-LDH,微米,20,100,0.054,9.2,1,1,0,0,"Li, Al",,4,641.8735292,3,720,186.8086342,
LiAl-LDH,微米,20,100,0.054,9.2,1,1,0,0,"Li, Al",,4,641.8735292,5,720,123.4127268,
LiAl-LDH,微米,20,100,0.054,9.2,1,1,0,0,"Li, Al",,4,33.31226117,2,720,10.26667757,
LiAl-LDH,微米,20,100,0.054,9.2,1,1,0,0,"Li, Al",,4,60.1613487,2,720,12.95218706,
LiAl-LDH,微米,20,100,0.054,9.2,1,1,0,0,"Li, Al",,4,87.52602224,2,720,44.85250499,
LiAl-LDH,微米,20,100,0.054,9.2,1,1,0,0,"Li, Al",,4,116.0541514,2,720,55.52808612,
LiAl-LDH,微米,20,100,0.054,9.2,1,1,0,0,"Li, Al",,4,173.5392019,2,720,83.16777608,
LiAl-LDH,微米,20,100,0.054,9.2,1,1,0,0,"Li, Al",,4,223.4294238,2,720,98.6708935,
LiAl-LDH,微米,20,100,0.054,9.2,1,1,0,0,"Li, Al",,4,342.8885277,2,720,131.6957703,
LiAl-LDH,微米,20,100,0.054,9.2,1,1,0,0,"Li, Al",,4,444.0591826,2,720,124.3783936,
LiAl-LDH,微米,20,100,0.054,9.2,1,1,0,0,"Li, Al",,4,547.5972103,2,720,184.329502,
LiAl-LDH,微米,20,100,0.054,9.2,1,1,0,0,"Li, Al",,4,664.977247,2,720,207.4031336,
LiAl-LDH,微米,20,100,0.054,9.2,1,1,0,0,"Li, Al",,4,863.5354978,2,720,193.4521,
LiAl-LDH,微米,20,100,0.054,9.2,1,1,0,0,"Li, Al",,4,1051.395453,2,720,281.2373746,
LiAl-LDH,微米,20,100,0.054,9.2,1,1,0,0,"Li, Al",,4,1609.7545,2,720,314.5010252,
LiAl-LDH,微米,20,100,0.054,9.2,1,1,0,0,"Li, Al",,4,33.31226117,2,720,10.38119653,
LiAl-LDH,微米,20,100,0.054,9.2,1,1,0,0,"Li, Al",,4,60.1613487,2,720,15.24234434,
LiAl-LDH,微米,20,100,0.054,9.2,1,1,0,0,"Li, Al",,4,87.52602224,2,720,38.92263509,
LiAl-LDH,微米,20,100,0.054,9.2,1,1,0,0,"Li, Al",,4,116.0541514,2,720,54.47504188,
LiAl-LDH,微米,20,100,0.054,9.2,1,1,0,0,"Li, Al",,4,173.5392019,2,720,70.91918178,
LiAl-LDH,微米,20,100,0.054,9.2,1,1,0,0,"Li, Al",,4,223.4294238,2,720,103.661339,
LiAl-LDH,微米,20,100,0.054,9.2,1,1,0,0,"Li, Al",,4,342.8885277,2,720,128.5755767,
LiAl-LDH,微米,20,100,0.054,9.2,1,1,0,0,"Li, Al",,4,444.0591826,2,720,140.6951346,
LiAl-LDH,微米,20,100,0.054,9.2,1,1,0,0,"Li, Al",,4,547.5972103,2,720,191.4409102,
LiAl-LDH,微米,20,100,0.054,9.2,1,1,0,0,"Li, Al",,4,664.977247,2,720,204.493505,
LiAl-LDH,微米,20,100,0.054,9.2,1,1,0,0,"Li, Al",,4,863.5354978,2,720,246.5556257,
LiAl-LDH,微米,20,100,0.054,9.2,1,1,0,0,"Li, Al",,4,1051.395453,2,720,285.1542504,
LiAl-LDH,微米,20,100,0.054,9.2,1,1,0,0,"Li, Al",,4,1609.7545,2,720,302.2463155,
LiAl-LDH,微米,20,100,0.054,9.2,1,1,0,0,"Li, Al",,4,116.7090412,2,2,14.67695082,
LiAl-LDH,微米,20,100,0.054,9.2,1,1,0,0,"Li, Al",,4,116.7090412,2,5,14.09860437,
LiAl-LDH,微米,20,100,0.054,9.2,1,1,0,0,"Li, Al",,4,116.7090412,2,10,14.19353138,
LiAl-LDH,微米,20,100,0.054,9.2,1,1,0,0,"Li, Al",,4,116.7090412,2,15,15.63331341,
LiAl-LDH,微米,20,100,0.054,9.2,1,1,0,0,"Li, Al",,4,116.7090412,2,25,17.45608509,
LiAl-LDH,微米,20,100,0.054,9.2,1,1,0,0,"Li, Al",,4,116.7090412,2,35,18.17048481,
LiAl-LDH,微米,20,100,0.054,9.2,1,1,0,0,"Li, Al",,4,116.7090412,2,65,19.64544712,
LiAl-LDH,微米,20,100,0.054,9.2,1,1,0,0,"Li, Al",,4,116.7090412,2,95,19.89965767,
LiAl-LDH,微米,20,100,0.054,9.2,1,1,0,0,"Li, Al",,4,116.7090412,2,155,23.20149407,
LiAl-LDH,微米,20,100,0.054,9.2,1,1,0,0,"Li, Al",,4,116.7090412,2,245,23.91166633,
LiAl-LDH,微米,20,100,0.054,9.2,1,1,0,0,"Li, Al",,4,116.7090412,2,335,28.37599356,
LiAl-LDH,微米,20,100,0.054,9.2,1,1,0,0,"Li, Al",,4,116.7090412,2,2,10.06899587,
LiAl-LDH,微米,20,100,0.054,9.2,1,1,0,0,"Li, Al",,4,116.7090412,2,5,9.383966634,
LiAl-LDH,微米,20,100,0.054,9.2,1,1,0,0,"Li, Al",,4,116.7090412,2,10,11.21270212,
LiAl-LDH,微米,20,100,0.054,9.2,1,1,0,0,"Li, Al",,4,116.7090412,2,15,9.50240928,
LiAl-LDH,微米,20,100,0.054,9.2,1,1,0,0,"Li, Al",,4,116.7090412,2,25,11.84831356,
LiAl-LDH,微米,20,100,0.054,9.2,1,1,0,0,"Li, Al",,4,116.7090412,2,35,12.68376591,
LiAl-LDH,微米,20,100,0.054,9.2,1,1,0,0,"Li, Al",,4,116.7090412,2,65,22.18472783,
LiAl-LDH,微米,20,100,0.054,9.2,1,1,0,0,"Li, Al",,4,116.7090412,2,95,29.5126885,
LiAl-LDH,微米,20,100,0.054,9.2,1,1,0,0,"Li, Al",,4,116.7090412,2,155,19.44026348,
LiAl-LDH,微米,20,100,0.054,9.2,1,1,0,0,"Li, Al",,4,116.7090412,2,245,23.21853327,
LiAl-LDH,微米,20,100,0.054,9.2,1,1,0,0,"Li, Al",,4,116.7090412,2,335,39.14993258,
LiAl-LDH,微米,20,100,0.054,9.2,1,1,0,0,"Li, Al",,2,852.0086211,2,720,199.3352001,
LiAl-LDH,微米,20,100,0.054,9.2,1,1,0,0,"Li, Al",,2,852.0086211,2,720,195.2288078,
LiAl-LDH,微米,20,100,0.054,9.2,1,1,0,0,"Li, Al",,3,852.0086211,2,720,205.320589,
LiAl-LDH,微米,20,100,0.054,9.2,1,1,0,0,"Li, Al",,3,852.0086211,2,720,198.7916433,
LiAl-LDH,微米,20,100,0.054,9.2,1,1,0,0,"Li, Al",,4,852.0086211,2,720,292.2128046,
LiAl-LDH,微米,20,100,0.054,9.2,1,1,0,0,"Li, Al",,4,852.0086211,2,720,262.8248426,
LiAl-LDH,微米,20,100,0.054,9.2,1,1,0,0,"Li, Al",,5,852.0086211,2,720,248.2355971,
LiAl-LDH,微米,20,100,0.054,9.2,1,1,0,0,"Li, Al",,5,852.0086211,2,720,276.8995422,
LiAl-LDH,微米,20,100,0.054,9.2,1,1,0,0,"Li, Al",,6,852.0086211,2,720,227.977123,
LiAl-LDH,微米,20,100,0.054,9.2,1,1,0,0,"Li, Al",,6,852.0086211,2,720,250.8000689,
LiAl-LDH,微米,20,100,0.054,9.2,1,1,0,0,"Li, Al",,7,852.0086211,2,720,205.9443231,
LiAl-LDH,微米,20,100,0.054,9.2,1,1,0,0,"Li, Al",,7,852.0086211,2,720,222.2470253,
LiAl-LDH,微米,20,100,0.054,9.2,1,1,0,0,"Li, Al",,8,852.0086211,2,720,182.6349422,
LiAl-LDH,微米,20,100,0.054,9.2,1,1,0,0,"Li, Al",,8,852.0086211,2,720,185.6818446,
LiAl-LDH,微米,20,100,0.054,9.2,1,1,0,0,"Li, Al",,9,852.0086211,2,720,148.929452,
LiAl-LDH,微米,20,100,0.054,9.2,1,1,0,0,"Li, Al",,9,852.0086211,2,720,123.3598167,
LiAl-LDH,微米,20,100,0.054,9.2,1,1,0,0,"Li, Al",,10,852.0086211,2,720,107.1036848,
LiAl-LDH,微米,20,100,0.054,9.2,1,1,0,0,"Li, Al",,10,852.0086211,2,720,100.065872,
LiAl-LDH,微米,20,100,0.054,9.2,1,1,0,0,"Li, Al",,11,852.0086211,2,720,92.96991666,
LiAl-LDH,微米,20,100,0.054,9.2,1,1,0,0,"Li, Al",,11,852.0086211,2,720,98.78844105,
γ-Al2O3,微米,146,40,0.53,/,1,0,0,0,Al,,1,575.032887,2,720,48.56030018,
γ-Al2O3,微米,146,40,0.53,/,1,0,0,0,Al,,2,575.032887,2,720,117.8289909,
γ-Al2O3,微米,146,40,0.53,/,1,0,0,0,Al,,3,575.032887,2,720,82.64698865,
γ-Al2O3,微米,146,40,0.53,/,1,0,0,0,Al,,5,575.032887,2,720,48.05002188,
γ-Al2O3,微米,146,40,0.53,/,1,0,0,0,Al,,7,575.032887,2,720,13.32374241,
γ-Al2O3,微米,146,40,0.53,/,1,0,0,0,Al,,9,575.032887,2,720,4.7762459,
γ-Al2O3,微米,146,40,0.53,/,1,0,0,0,Al,,11,575.032887,2,720,0.124441681,
γ-Al2O3,微米,146,40,0.53,/,1,0,0,0,Al,,1,546.4255469,2,720,33.90874075,
γ-Al2O3,微米,146,40,0.53,/,1,0,0,0,Al,,2,546.4255469,2,720,77.86632573,
γ-Al2O3,微米,146,40,0.53,/,1,0,0,0,Al,,3,546.4255469,2,720,51.47674007,
γ-Al2O3,微米,146,40,0.53,/,1,0,0,0,Al,,5,546.4255469,2,720,16.06151211,
γ-Al2O3,微米,146,40,0.53,/,1,0,0,0,Al,,7,546.4255469,2,720,0,
γ-Al2O3,微米,146,40,0.53,/,1,0,0,0,Al,,9,546.4255469,2,720,1.9266334,
γ-Al2O3,微米,146,40,0.53,/,1,0,0,0,Al,,11,546.4255469,2,720,0,
γ-Al2O3,微米,146,40,0.53,/,1,0,0,0,Al,,2,20.73876137,2,720,10.81729512,
γ-Al2O3,微米,146,40,0.53,/,1,0,0,0,Al,,2,43.62974445,2,720,22.07611249,
γ-Al2O3,微米,146,40,0.53,/,1,0,0,0,Al,,2,65.32871318,2,720,33.28398499,
γ-Al2O3,微米,146,40,0.53,/,1,0,0,0,Al,,2,90.38626048,2,720,43.48661356,
γ-Al2O3,微米,146,40,0.53,/,1,0,0,0,Al,,2,136.8625287,2,720,56.80063528,
γ-Al2O3,微米,146,40,0.53,/,1,0,0,0,Al,,2,183.5452072,2,720,63.61718034,
γ-Al2O3,微米,146,40,0.53,/,1,0,0,0,Al,,2,281.1095868,2,720,79.19126267,
γ-Al2O3,微米,146,40,0.53,/,1,0,0,0,Al,,2,396.1699092,2,720,83.59720226,
γ-Al2O3,微米,146,40,0.53,/,1,0,0,0,Al,,2,482.1222336,2,720,79.73269741,
γ-Al2O3,微米,146,40,0.53,/,1,0,0,0,Al,,2,567.7019513,2,720,75.78803615,
γ-Al2O3,微米,146,40,0.53,/,1,0,0,0,Al,,2,757.0461697,2,720,69.80894278,
γ-Al2O3,微米,146,40,0.53,/,1,0,0,0,Al,,2,909.1705685,2,720,76.94075944,
γ-Al2O3,微米,146,40,0.53,/,1,0,0,0,Al,,2,20.73876137,2,720,6.635159969,
γ-Al2O3,微米,146,40,0.53,/,1,0,0,0,Al,,2,43.62974445,2,720,18.89268178,
γ-Al2O3,微米,146,40,0.53,/,1,0,0,0,Al,,2,65.32871318,2,720,23.78719001,
γ-Al2O3,微米,146,40,0.53,/,1,0,0,0,Al,,2,90.38626048,2,720,32.93817654,
γ-Al2O3,微米,146,40,0.53,/,1,0,0,0,Al,,2,136.8625287,2,720,45.85825923,
γ-Al2O3,微米,146,40,0.53,/,1,0,0,0,Al,,2,183.5452072,2,720,65.02838508,
γ-Al2O3,微米,146,40,0.53,/,1,0,0,0,Al,,2,281.1095868,2,720,74.0919677,
γ-Al2O3,微米,146,40,0.53,/,1,0,0,0,Al,,2,396.1699092,2,720,80.90608774,
γ-Al2O3,微米,146,40,0.53,/,1,0,0,0,Al,,2,482.1222336,2,720,80.00591326,
γ-Al2O3,微米,146,40,0.53,/,1,0,0,0,Al,,2,567.7019513,2,720,65.43562987,
γ-Al2O3,微米,146,40,0.53,/,1,0,0,0,Al,,2,757.0461697,2,720,72.73261527,
γ-Al2O3,微米,146,40,0.53,/,1,0,0,0,Al,,2,909.1705685,2,720,68.38996083,
γ-Al2O3,微米,146,40,0.53,/,1,0,0,0,Al,,2,43.96509624,2,2,18.28145085,
γ-Al2O3,微米,146,40,0.53,/,1,0,0,0,Al,,2,43.96509624,2,5,21.10891091,
γ-Al2O3,微米,146,40,0.53,/,1,0,0,0,Al,,2,43.96509624,2,10,30.05071851,
γ-Al2O3,微米,146,40,0.53,/,1,0,0,0,Al,,2,43.96509624,2,20,22.930215,
γ-Al2O3,微米,146,40,0.53,/,1,0,0,0,Al,,2,43.96509624,2,30,23.19849026,
γ-Al2O3,微米,146,40,0.53,/,1,0,0,0,Al,,2,43.96509624,2,60,23.64801139,
γ-Al2O3,微米,146,40,0.53,/,1,0,0,0,Al,,2,43.96509624,2,90,23.82373425,
γ-Al2O3,微米,146,40,0.53,/,1,0,0,0,Al,,2,43.96509624,2,150,24.27922925,
γ-Al2O3,微米,146,40,0.53,/,1,0,0,0,Al,,2,43.96509624,2,270,24.60156166,
γ-Al2O3,微米,146,40,0.53,/,1,0,0,0,Al,,2,43.96509624,2,360,25.03405318,
γ-Al2O3,微米,146,40,0.53,/,1,0,0,0,Al,,2,43.96509624,2,490,25.17416206,
γ-Al2O3,微米,146,40,0.53,/,1,0,0,0,Al,,2,43.96509624,2,720,25.39130868,
γ-Al2O3,微米,146,40,0.53,/,1,0,0,0,Al,,2,43.96509624,2,1440,25.77492509,
γ-Al2O3,微米,150,50,0.28,/,1,0,0,0,Al,,2,43.96509624,2,2,8.045695634,
γ-Al2O3,微米,150,50,0.28,/,1,0,0,0,Al,,2,43.96509624,2,5,10.47799751,
γ-Al2O3,微米,150,50,0.28,/,1,0,0,0,Al,,2,43.96509624,2,10,11.18232923,
γ-Al2O3,微米,150,50,0.28,/,1,0,0,0,Al,,2,43.96509624,2,20,11.44365322,
γ-Al2O3,微米,150,50,0.28,/,1,0,0,0,Al,,2,43.96509624,2,30,11.96356942,
γ-Al2O3,微米,150,50,0.28,/,1,0,0,0,Al,,2,43.96509624,2,60,12.85713329,
γ-Al2O3,微米,150,50,0.28,/,1,0,0,0,Al,,2,43.96509624,2,90,14.52417905,
γ-Al2O3,微米,150,50,0.28,/,1,0,0,0,Al,,2,43.96509624,2,150,14.61590725,
γ-Al2O3,微米,150,50,0.28,/,1,0,0,0,Al,,2,43.96509624,2,300,16.01059238,
γ-Al2O3,微米,150,50,0.28,/,1,0,0,0,Al,,2,43.96509624,2,360,16.41609329,
γ-Al2O3,微米,150,50,0.28,/,1,0,0,0,Al,,2,43.96509624,2,490,16.54801933,
γ-Al2O3,微米,150,50,0.28,/,1,0,0,0,Al,,2,43.96509624,2,720,17.1418752,
γ-Al2O3,微米,150,50,0.28,/,1,0,0,0,Al,,2,43.96509624,2,1465,20.00673408,
γ-Al2O3,微米,150,50,0.28,/,1,0,0,0,Al,,2,20.73876137,2,720,10.45149287,
γ-Al2O3,微米,150,50,0.28,/,1,0,0,0,Al,,2,43.62974445,2,720,21.52695547,
γ-Al2O3,微米,150,50,0.28,/,1,0,0,0,Al,,2,65.32871318,2,720,24.44116136,
γ-Al2O3,微米,150,50,0.28,/,1,0,0,0,Al,,2,90.38626048,2,720,30.68345196,
γ-Al2O3,微米,150,50,0.28,/,1,0,0,0,Al,,2,136.8625287,2,720,55.87564977,
γ-Al2O3,微米,150,50,0.28,/,1,0,0,0,Al,,2,183.5452072,2,720,75.36109366,
γ-Al2O3,微米,150,50,0.28,/,1,0,0,0,Al,,2,281.1095868,2,720,83.4408092,
γ-Al2O3,微米,150,50,0.28,/,1,0,0,0,Al,,2,396.1699092,2,720,71.83779099,
γ-Al2O3,微米,150,50,0.28,/,1,0,0,0,Al,,2,482.1222336,2,720,68.269,
γ-Al2O3,微米,150,50,0.28,/,1,0,0,0,Al,,2,567.7019513,2,720,70.30833188,
γ-Al2O3,微米,150,50,0.28,/,1,0,0,0,Al,,2,757.0461697,2,720,70.22842663,
γ-Al2O3,微米,150,50,0.28,/,1,0,0,0,Al,,2,909.1705685,2,720,68.038,
γ-Al2O3,微米,150,50,0.28,/,1,0,0,0,Al,,2,20.73876137,2,720,5,
γ-Al2O3,微米,150,50,0.28,/,1,0,0,0,Al,,2,43.62974445,2,720,5.747854285,
γ-Al2O3,微米,150,50,0.28,/,1,0,0,0,Al,,2,65.32871318,2,720,11.39352958,
γ-Al2O3,微米,150,50,0.28,/,1,0,0,0,Al,,2,90.38626048,2,720,16.90222395,
γ-Al2O3,微米,150,50,0.28,/,1,0,0,0,Al,,2,136.8625287,2,720,34.12389997,
γ-Al2O3,微米,150,50,0.28,/,1,0,0,0,Al,,2,183.5452072,2,720,41.22159905,
γ-Al2O3,微米,150,50,0.28,/,1,0,0,0,Al,,2,281.1095868,2,720,61.29501451,
γ-Al2O3,微米,150,50,0.28,/,1,0,0,0,Al,,2,396.1699092,2,720,67.97894818,
γ-Al2O3,微米,150,50,0.28,/,1,0,0,0,Al,,2,482.1222336,2,720,67.40924355,
γ-Al2O3,微米,150,50,0.28,/,1,0,0,0,Al,,2,567.7019513,2,720,64.0397515,
γ-Al2O3,微米,150,50,0.28,/,1,0,0,0,Al,,2,757.0461697,2,720,67.79005011,
γ-Al2O3,微米,150,50,0.28,/,1,0,0,0,Al,,2,909.1705685,2,720,65.17884396,
γ-Al2O3,微米,150,50,0.28,/,1,0,0,0,Al,,1,546.4255469,2,720,22.20700282,
γ-Al2O3,微米,150,50,0.28,/,1,0,0,0,Al,,2,546.4255469,2,720,76.2189642,
γ-Al2O3,微米,150,50,0.28,/,1,0,0,0,Al,,3,546.4255469,2,720,25.49788419,
γ-Al2O3,微米,150,50,0.28,/,1,0,0,0,Al,,5,546.4255469,2,720,45.65326896,
γ-Al2O3,微米,150,50,0.28,/,1,0,0,0,Al,,7,546.4255469,2,720,23.42401222,
γ-Al2O3,微米,150,50,0.28,/,1,0,0,0,Al,,9,546.4255469,2,720,24.52395671,
γ-Al2O3,微米,150,50,0.28,/,1,0,0,0,Al,,11,546.4255469,2,720,8.325734637,
γ-Al2O3,微米,150,50,0.28,/,1,0,0,0,Al,,1,575.032887,2,720,38.67298056,
γ-Al2O3,微米,150,50,0.28,/,1,0,0,0,Al,,2,575.032887,2,720,105.5245277,
γ-Al2O3,微米,150,50,0.28,/,1,0,0,0,Al,,3,575.032887,2,720,83.01779671,
γ-Al2O3,微米,150,50,0.28,/,1,0,0,0,Al,,5,575.032887,2,720,58.50414602,
γ-Al2O3,微米,150,50,0.28,/,1,0,0,0,Al,,7,575.032887,2,720,32.05041713,
γ-Al2O3,微米,150,50,0.28,/,1,0,0,0,Al,,9,575.032887,2,720,19.16570291,
γ-Al2O3,微米,150,50,0.28,/,1,0,0,0,Al,,11,575.032887,2,720,12.5519182,
γ-Al2O3,微米,163,30,0.61,/,1,0,0,0,Al,,2,43.96509624,2,2,19.80551003,
γ-Al2O3,微米,163,30,0.61,/,1,0,0,0,Al,,2,43.96509624,2,5,23.31354408,
γ-Al2O3,微米,163,30,0.61,/,1,0,0,0,Al,,2,43.96509624,2,10,23.05025283,
γ-Al2O3,微米,163,30,0.61,/,1,0,0,0,Al,,2,43.96509624,2,20,23.51725382,
γ-Al2O3,微米,163,30,0.61,/,1,0,0,0,Al,,2,43.96509624,2,30,23.74813321,
γ-Al2O3,微米,163,30,0.61,/,1,0,0,0,Al,,2,43.96509624,2,60,23.96006071,
γ-Al2O3,微米,163,30,0.61,/,1,0,0,0,Al,,2,43.96509624,2,90,23.91563593,
γ-Al2O3,微米,163,30,0.61,/,1,0,0,0,Al,,2,43.96509624,2,150,24.21371391,
γ-Al2O3,微米,163,30,0.61,/,1,0,0,0,Al,,2,43.96509624,2,300,24.51904463,
γ-Al2O3,微米,163,30,0.61,/,1,0,0,0,Al,,2,43.96509624,2,360,24.63187551,
γ-Al2O3,微米,163,30,0.61,/,1,0,0,0,Al,,2,43.96509624,2,490,24.69288217,
γ-Al2O3,微米,163,30,0.61,/,1,0,0,0,Al,,2,43.96509624,2,720,24.80310161,
γ-Al2O3,微米,163,30,0.61,/,1,0,0,0,Al,,2,43.96509624,2,1465,25.30518076,
γ-Al2O3,微米,163,30,0.61,/,1,0,0,0,Al,,2,20.73876137,2,720,10.81729512,
γ-Al2O3,微米,163,30,0.61,/,1,0,0,0,Al,,2,43.62974445,2,720,21.21038259,
γ-Al2O3,微米,163,30,0.61,/,1,0,0,0,Al,,2,65.32871318,2,720,32.45188537,
γ-Al2O3,微米,163,30,0.61,/,1,0,0,0,Al,,2,90.38626048,2,720,43.31721719,
γ-Al2O3,微米,163,30,0.61,/,1,0,0,0,Al,,2,136.8625287,2,720,51.01163141,
γ-Al2O3,微米,163,30,0.61,/,1,0,0,0,Al,,2,183.5452072,2,720,64.27939058,
γ-Al2O3,微米,163,30,0.61,/,1,0,0,0,Al,,2,281.1095868,2,720,81.55101602,
γ-Al2O3,微米,163,30,0.61,/,1,0,0,0,Al,,2,396.1699092,2,720,101.0072062,
γ-Al2O3,微米,163,30,0.61,/,1,0,0,0,Al,,2,482.1222336,2,720,108.2814353,
γ-Al2O3,微米,163,30,0.61,/,1,0,0,0,Al,,2,567.7019513,2,720,103.1600587,
γ-Al2O3,微米,163,30,0.61,/,1,0,0,0,Al,,2,757.0461697,2,720,105.2102258,
γ-Al2O3,微米,163,30,0.61,/,1,0,0,0,Al,,2,909.1705685,2,720,107.2729729,
γ-Al2O3,微米,163,30,0.61,/,1,0,0,0,Al,,2,20.73876137,2,720,8.440733142,
γ-Al2O3,微米,163,30,0.61,/,1,0,0,0,Al,,2,43.62974445,2,720,19.39928459,
γ-Al2O3,微米,163,30,0.61,/,1,0,0,0,Al,,2,65.32871318,2,720,27.0498248,
γ-Al2O3,微米,163,30,0.61,/,1,0,0,0,Al,,2,90.38626048,2,720,34.82336943,
γ-Al2O3,微米,163,30,0.61,/,1,0,0,0,Al,,2,136.8625287,2,720,50.27016761,
γ-Al2O3,微米,163,30,0.61,/,1,0,0,0,Al,,2,183.5452072,2,720,66.87870774,
γ-Al2O3,微米,163,30,0.61,/,1,0,0,0,Al,,2,281.1095868,2,720,83.03570013,
γ-Al2O3,微米,163,30,0.61,/,1,0,0,0,Al,,2,396.1699092,2,720,73.49822878,
γ-Al2O3,微米,163,30,0.61,/,1,0,0,0,Al,,2,482.1222336,2,720,73.81915615,
γ-Al2O3,微米,163,30,0.61,/,1,0,0,0,Al,,2,567.7019513,2,720,70.96950465,
γ-Al2O3,微米,163,30,0.61,/,1,0,0,0,Al,,2,757.0461697,2,720,72.61567269,
γ-Al2O3,微米,163,30,0.61,/,1,0,0,0,Al,,2,909.1705685,2,720,70.81176317,
γ-Al2O3,微米,163,30,0.61,/,1,0,0,0,Al,,1,546.4255469,2,720,32.64370959,
γ-Al2O3,微米,163,30,0.61,/,1,0,0,0,Al,,2,546.4255469,2,720,91.22338689,
γ-Al2O3,微米,163,30,0.61,/,1,0,0,0,Al,,3,546.4255469,2,720,56.09198894,
γ-Al2O3,微米,163,30,0.61,/,1,0,0,0,Al,,5,546.4255469,2,720,21.31028931,
γ-Al2O3,微米,163,30,0.61,/,1,0,0,0,Al,,7,546.4255469,2,720,0,
γ-Al2O3,微米,163,30,0.61,/,1,0,0,0,Al,,9,546.4255469,2,720,0,
γ-Al2O3,微米,163,30,0.61,/,1,0,0,0,Al,,11,546.4255469,2,720,0,
γ-Al2O3,微米,163,30,0.61,/,1,0,0,0,Al,,1,575.032887,2,720,58.85814219,
γ-Al2O3,微米,163,30,0.61,/,1,0,0,0,Al,,2,575.032887,2,720,135.88682,
γ-Al2O3,微米,163,30,0.61,/,1,0,0,0,Al,,3,575.032887,2,720,95.88536621,
γ-Al2O3,微米,163,30,0.61,/,1,0,0,0,Al,,5,575.032887,2,720,48.77605073,
γ-Al2O3,微米,163,30,0.61,/,1,0,0,0,Al,,7,575.032887,2,720,23.45199681,
γ-Al2O3,微米,163,30,0.61,/,1,0,0,0,Al,,9,575.032887,2,720,19.05837935,
γ-Al2O3,微米,163,30,0.61,/,1,0,0,0,Al,,11,575.032887,2,720,3.174244619,
JU-111,纳米,76,/,/,/,1,1,0,0,Al,,2,25.458,2,1440,12.2205625,
JU-111,纳米,76,/,/,/,1,1,0,0,Al,,2,49.1705,2,1440,23.153625,
JU-111,纳米,76,/,/,/,1,1,0,0,Al,,2,101.837,2,1440,49.54025,
JU-111,纳米,76,/,/,/,1,1,0,0,Al,,2,153.9232,2,1440,75.27,
JU-111,纳米,76,/,/,/,1,1,0,0,Al,,2,210.562,2,1440,104.1535,
JU-111,纳米,76,/,/,/,1,1,0,0,Al,,2,311.8112,2,1440,155.2616,
JU-111,纳米,76,/,/,/,1,1,0,0,Al,,2,407.328,2,1440,196.791,
JU-111,纳米,76,/,/,/,1,1,0,0,Al,,2,618.3904,2,1440,307.6928,
JU-111,纳米,76,/,/,/,1,1,0,0,Al,,2,808.872,2,1440,381.368,
JU-111,纳米,76,/,/,/,1,1,0,0,Al,,2,1014.885,2,1440,400.94,
JU-111,纳米,76,/,/,/,1,1,0,0,Al,,2,1232.6,2,1440,408.568,
JU-111,纳米,76,/,/,/,1,1,0,0,Al,,2,1451.232,2,1440,408.628,
JU-111,纳米,76,/,/,/,1,1,0,0,Al,,3,25.458,2,1440,12.6358125,
JU-111,纳米,76,/,/,/,1,1,0,0,Al,,3,49.1705,2,1440,24.449625,
JU-111,纳米,76,/,/,/,1,1,0,0,Al,,3,101.837,2,1440,50.56,
JU-111,纳米,76,/,/,/,1,1,0,0,Al,,3,153.9232,2,1440,76.5048,
JU-111,纳米,76,/,/,/,1,1,0,0,Al,,3,210.562,2,1440,104.2855,
JU-111,纳米,76,/,/,/,1,1,0,0,Al,,3,311.8112,2,1440,155.3792,
JU-111,纳米,76,/,/,/,1,1,0,0,Al,,3,407.328,2,1440,202.481,
JU-111,纳米,76,/,/,/,1,1,0,0,Al,,3,618.3904,2,1440,304.888,
JU-111,纳米,76,/,/,/,1,1,0,0,Al,,3,808.872,2,1440,377.562,
JU-111,纳米,76,/,/,/,1,1,0,0,Al,,3,1014.885,2,1440,389.6675,
JU-111,纳米,76,/,/,/,1,1,0,0,Al,,3,1232.6,2,1440,405.152,
JU-111,纳米,76,/,/,/,1,1,0,0,Al,,3,1451.232,2,1440,407.904,
JU-111,纳米,76,/,/,/,1,1,0,0,Al,,4,25.458,2,1440,12.629375,
JU-111,纳米,76,/,/,/,1,1,0,0,Al,,4,49.1705,2,1440,24.209625,
JU-111,纳米,76,/,/,/,1,1,0,0,Al,,4,101.837,2,1440,50.77875,
JU-111,纳米,76,/,/,/,1,1,0,0,Al,,4,153.9232,2,1440,76.7884,
JU-111,纳米,76,/,/,/,1,1,0,0,Al,,4,210.562,2,1440,104.1465,
JU-111,纳米,76,/,/,/,1,1,0,0,Al,,4,311.8112,2,1440,155.568,
JU-111,纳米,76,/,/,/,1,1,0,0,Al,,4,407.328,2,1440,203.033,
JU-111,纳米,76,/,/,/,1,1,0,0,Al,,4,618.3904,2,1440,305.8544,
JU-111,纳米,76,/,/,/,1,1,0,0,Al,,4,808.872,2,1440,362.974,
JU-111,纳米,76,/,/,/,1,1,0,0,Al,,4,1014.885,2,1440,367.335,
JU-111,纳米,76,/,/,/,1,1,0,0,Al,,4,1232.6,2,1440,366.376,
JU-111,纳米,76,/,/,/,1,1,0,0,Al,,4,1451.232,2,1440,405.26,
JU-111,纳米,76,/,/,/,1,1,0,0,Al,,6,25.458,2,1440,12.6211875,
JU-111,纳米,76,/,/,/,1,1,0,0,Al,,6,49.1705,2,1440,24.42275,
JU-111,纳米,76,/,/,/,1,1,0,0,Al,,6,101.837,2,1440,50.66725,
JU-111,纳米,76,/,/,/,1,1,0,0,Al,,6,153.9232,2,1440,76.6916,
JU-111,纳米,76,/,/,/,1,1,0,0,Al,,6,210.562,2,1440,104.894,
JU-111,纳米,76,/,/,/,1,1,0,0,Al,,6,311.8112,2,1440,148.536,
JU-111,纳米,76,/,/,/,1,1,0,0,Al,,6,407.328,2,1440,154.648,
JU-111,纳米,76,/,/,/,1,1,0,0,Al,,6,618.3904,2,1440,164.568,
JU-111,纳米,76,/,/,/,1,1,0,0,Al,,6,808.872,2,1440,161.222,
JU-111,纳米,76,/,/,/,1,1,0,0,Al,,6,1014.885,2,1440,159.05,
JU-111,纳米,76,/,/,/,1,1,0,0,Al,,6,1232.6,2,1440,170.504,
JU-111,纳米,76,/,/,/,1,1,0,0,Al,,6,1451.232,2,1440,179.364,
JU-111,纳米,76,/,/,/,1,1,0,0,Al,,10.96,530.5491991,2,1440,23.6524,
JU-111,纳米,76,/,/,/,1,1,0,0,Al,,9.98,530.5491991,2,1440,77.73042,
JU-111,纳米,76,/,/,/,1,1,0,0,Al,,8.98,530.5491991,2,1440,108.14534,
JU-111,纳米,76,/,/,/,1,1,0,0,Al,,8.01,530.5491991,2,1440,130.36751,
JU-111,纳米,76,/,/,/,1,1,0,0,Al,,6.95,530.5491991,2,1440,151.50222,
JU-111,纳米,76,/,/,/,1,1,0,0,Al,,5.95,530.5491991,2,1440,167.6638,
JU-111,纳米,76,/,/,/,1,1,0,0,Al,,5.05,530.5491991,2,1440,204.64169,
JU-111,纳米,76,/,/,/,1,1,0,0,Al,,3.99,530.5491991,2,1440,258.53444,
JU-111,纳米,76,/,/,/,1,1,0,0,Al,,3.02,530.5491991,2,1440,224.20578,
JU-111,纳米,76,/,/,/,1,1,0,0,Al,,2.04,530.5491991,2,1440,261.51651,
JU-111,纳米,76,/,/,/,1,1,0,0,Al,,10.96,475.87533,2,1440,36.40492,
JU-111,纳米,76,/,/,/,1,1,0,0,Al,,9.98,475.87533,2,1440,72.91744,
JU-111,纳米,76,/,/,/,1,1,0,0,Al,,8.98,475.87533,2,1440,100.655,
JU-111,纳米,76,/,/,/,1,1,0,0,Al,,8.01,475.87533,2,1440,115.77218,
JU-111,纳米,76,/,/,/,1,1,0,0,Al,,6.95,475.87533,2,1440,132.72277,
JU-111,纳米,76,/,/,/,1,1,0,0,Al,,5.95,475.87533,2,1440,146.6807,
JU-111,纳米,76,/,/,/,1,1,0,0,Al,,5.05,475.87533,2,1440,183.51228,
JU-111,纳米,76,/,/,/,1,1,0,0,Al,,3.99,475.87533,2,1440,236.14535,
JU-111,纳米,76,/,/,/,1,1,0,0,Al,,3.02,475.87533,2,1440,235.88077,
JU-111,纳米,76,/,/,/,1,1,0,0,Al,,2.04,475.87533,2,1440,236.43539,
JU-111,纳米,76,/,/,/,1,1,0,0,Al,,4,485.9378291,2,1,54.44125,
JU-111,纳米,76,/,/,/,1,1,0,0,Al,,4,485.9378291,2,5,71.40375,
JU-111,纳米,76,/,/,/,1,1,0,0,Al,,4,485.9378291,2,10,83.1725,
JU-111,纳米,76,/,/,/,1,1,0,0,Al,,4,485.9378291,2,20,90.55625,
JU-111,纳米,76,/,/,/,1,1,0,0,Al,,4,485.9378291,2,30,99,
JU-111,纳米,76,/,/,/,1,1,0,0,Al,,4,485.9378291,2,60,115.365,
JU-111,纳米,76,/,/,/,1,1,0,0,Al,,4,485.9378291,2,180,138.3225,
JU-111,纳米,76,/,/,/,1,1,0,0,Al,,4,485.9378291,2,240,151.54625,
JU-111,纳米,76,/,/,/,1,1,0,0,Al,,4,485.9378291,2,300,156.1725,
JU-111,纳米,76,/,/,/,1,1,0,0,Al,,4,485.9378291,2,360,165.83625,
JU-111,纳米,76,/,/,/,1,1,0,0,Al,,4,485.9378291,2,480,175.57875,
JU-111,纳米,76,/,/,/,1,1,0,0,Al,,4,485.9378291,2,1440,216.40375,
JU-111,纳米,76,/,/,/,1,1,0,0,Al,,2,485.9378291,2,5,55.49125,
JU-111,纳米,76,/,/,/,1,1,0,0,Al,,2,485.9378291,2,10,75.5375,
JU-111,纳米,76,/,/,/,1,1,0,0,Al,,2,485.9378291,2,30,89.18625,
JU-111,纳米,76,/,/,/,1,1,0,0,Al,,2,485.9378291,2,60,100.89125,
JU-111,纳米,76,/,/,/,1,1,0,0,Al,,2,485.9378291,2,180,123.745,
JU-111,纳米,76,/,/,/,1,1,0,0,Al,,2,485.9378291,2,300,143.4075,
JU-111,纳米,76,/,/,/,1,1,0,0,Al,,2,485.9378291,2,420,157.2025,
JU-111,纳米,76,/,/,/,1,1,0,0,Al,,2,485.9378291,2,540,168.6625,
JU-111,纳米,76,/,/,/,1,1,0,0,Al,,2,485.9378291,2,720,180.455,
JU-111,纳米,76,/,/,/,1,1,0,0,Al,,2,485.9378291,2,1440,218.05125,
JU-111,纳米,76,/,/,/,1,1,0,0,Al,,2,485.9378291,2,5,75.24431,
JU-111,纳米,76,/,/,/,1,1,0,0,Al,,2,485.9378291,2,10,81.02188,
JU-111,纳米,76,/,/,/,1,1,0,0,Al,,2,485.9378291,2,30,94.05205,
JU-111,纳米,76,/,/,/,1,1,0,0,Al,,2,485.9378291,2,60,111.87179,
JU-111,纳米,76,/,/,/,1,1,0,0,Al,,2,485.9378291,2,180,138.87879,
JU-111,纳米,76,/,/,/,1,1,0,0,Al,,2,485.9378291,2,300,156.30107,
JU-111,纳米,76,/,/,/,1,1,0,0,Al,,2,485.9378291,2,420,167.8135,
JU-111,纳米,76,/,/,/,1,1,0,0,Al,,2,485.9378291,2,540,178.62389,
JU-111,纳米,76,/,/,/,1,1,0,0,Al,,2,485.9378291,2,720,191.00941,
JU-111,纳米,76,/,/,/,1,1,0,0,Al,,2,485.9378291,2,1440,219.20405,
LYH,纳米+微米,90,/,/,/,1,0,0,0,Y,,7,530.5491991,2,1440,184.90375,
LYH,纳米+微米,90,/,/,/,1,0,0,0,Y,,8,530.5491991,2,1440,136.09375,
LYH,纳米+微米,90,/,/,/,1,0,0,0,Y,,9,530.5491991,2,1440,125.7525,
LYH,纳米+微米,90,/,/,/,1,0,0,0,Y,,10,530.5491991,2,1440,115.45875,
LYH,纳米+微米,90,/,/,/,1,0,0,0,Y,,11,530.5491991,2,1440,104.62,
LYH,纳米+微米,90,/,/,/,1,0,0,0,Y,,7,530.5491991,2,1440,202.29172,
LYH,纳米+微米,90,/,/,/,1,0,0,0,Y,,8,530.5491991,2,1440,133.75658,
LYH,纳米+微米,90,/,/,/,1,0,0,0,Y,,9,530.5491991,2,1440,135.37414,
LYH,纳米+微米,90,/,/,/,1,0,0,0,Y,,10,530.5491991,2,1440,127.35152,
LYH,纳米+微米,90,/,/,/,1,0,0,0,Y,,11,530.5491991,2,1440,118.82538,
LYH,纳米+微米,90,/,/,/,1,0,0,0,Y,,7,25.09962157,2,1440,12.41446081,
LYH,纳米+微米,90,/,/,/,1,0,0,0,Y,,7,47.23990389,2,1440,23.45681788,
LYH,纳米+微米,90,/,/,/,1,0,0,0,Y,,7,102.91473,2,1440,51.34451213,
LYH,纳米+微米,90,/,/,/,1,0,0,0,Y,,7,192.9588447,2,1440,96.28997187,
LYH,纳米+微米,90,/,/,/,1,0,0,0,Y,,7,407.1068338,2,1440,161.5277407,
LYH,纳米+微米,90,/,/,/,1,0,0,0,Y,,7,594.5560751,2,1440,155.8746427,
LYH,纳米+微米,90,/,/,/,1,0,0,0,Y,,7,799.3833384,2,1440,168.4408757,
LYH,纳米+微米,90,/,/,/,1,0,0,0,Y,,7,983.9182378,2,1440,172.1639043,
LYH,纳米+微米,90,/,/,/,1,0,0,0,Y,,7,1201.40173,2,1440,169.9726834,
LYH,纳米+微米,90,/,/,/,1,0,0,0,Y,,7,1386.80839,2,1440,181.4994703,
LYH,纳米+微米,90,/,/,/,1,0,0,0,Y,,8,25.09962157,2,1440,12.47228714,
LYH,纳米+微米,90,/,/,/,1,0,0,0,Y,,8,47.23990389,2,1440,23.36168104,
LYH,纳米+微米,90,/,/,/,1,0,0,0,Y,,8,102.91473,2,1440,50.09891246,
LYH,纳米+微米,90,/,/,/,1,0,0,0,Y,,8,192.9588447,2,1440,95.47324167,
LYH,纳米+微米,90,/,/,/,1,0,0,0,Y,,8,407.1068338,2,1440,128.0892273,
LYH,纳米+微米,90,/,/,/,1,0,0,0,Y,,8,594.5560751,2,1440,127.7282051,
LYH,纳米+微米,90,/,/,/,1,0,0,0,Y,,8,799.3833384,2,1440,142.6221099,
LYH,纳米+微米,90,/,/,/,1,0,0,0,Y,,8,983.9182378,2,1440,135.1476153,
LYH,纳米+微米,90,/,/,/,1,0,0,0,Y,,8,1201.40173,2,1440,145.7106539,
LYH,纳米+微米,90,/,/,/,1,0,0,0,Y,,8,1386.80839,2,1440,155.600829,
LYH,纳米+微米,90,/,/,/,1,0,0,0,Y,,7,580.0525,2,10,39.83375,
LYH,纳米+微米,90,/,/,/,1,0,0,0,Y,,7,580.0525,2,30,53.51,
LYH,纳米+微米,90,/,/,/,1,0,0,0,Y,,7,580.0525,2,60,71.47875,
LYH,纳米+微米,90,/,/,/,1,0,0,0,Y,,7,580.0525,2,180,90.72625,
LYH,纳米+微米,90,/,/,/,1,0,0,0,Y,,7,580.0525,2,300,105.3175,
LYH,纳米+微米,90,/,/,/,1,0,0,0,Y,,7,580.0525,2,480,116.83,
LYH,纳米+微米,90,/,/,/,1,0,0,0,Y,,7,580.0525,2,720,126.285,
LYH,纳米+微米,90,/,/,/,1,0,0,0,Y,,7,580.0525,2,1440,129.72375,
ICA,纳米,180,40,0.25,6.5,1,0,0,0,"Fe, Ce",,2,565.7007394,2,720,285.2655057,
ICA,纳米,180,40,0.25,6.5,1,0,0,0,"Fe, Ce",,3,565.7007394,2,720,249.4558543,
ICA,纳米,180,40,0.25,6.5,1,0,0,0,"Fe, Ce",,4,565.7007394,2,720,243.390412,
ICA,纳米,180,40,0.25,6.5,1,0,0,0,"Fe, Ce",,5,565.7007394,2,720,213.3876895,
ICA,纳米,180,40,0.25,6.5,1,0,0,0,"Fe, Ce",,6,565.7007394,2,720,127.4303041,
ICA,纳米,180,40,0.25,6.5,1,0,0,0,"Fe, Ce",,7,565.7007394,2,720,78.89629962,
ICA,纳米,180,40,0.25,6.5,1,0,0,0,"Fe, Ce",,8,565.7007394,2,720,51.57063612,
ICA,纳米,180,40,0.25,6.5,1,0,0,0,"Fe, Ce",,9,565.7007394,2,720,22.3362564,
ICA,纳米,180,40,0.25,6.5,1,0,0,0,"Fe, Ce",,10,565.7007394,2,720,9.796425034,
ICA,纳米,180,40,0.25,6.5,1,0,0,0,"Fe, Ce",,11,565.7007394,2,720,1.242841751,
ICA,纳米,180,40,0.25,6.5,1,0,0,0,"Fe, Ce",,2,565.7007394,2,720,311.5048081,
ICA,纳米,180,40,0.25,6.5,1,0,0,0,"Fe, Ce",,3,565.7007394,2,720,283.3660844,
ICA,纳米,180,40,0.25,6.5,1,0,0,0,"Fe, Ce",,4,565.7007394,2,720,266.6662071,
ICA,纳米,180,40,0.25,6.5,1,0,0,0,"Fe, Ce",,5,565.7007394,2,720,239.3886902,
ICA,纳米,180,40,0.25,6.5,1,0,0,0,"Fe, Ce",,6,565.7007394,2,720,165.4269581,
ICA,纳米,180,40,0.25,6.5,1,0,0,0,"Fe, Ce",,7,565.7007394,2,720,116.2100722,
ICA,纳米,180,40,0.25,6.5,1,0,0,0,"Fe, Ce",,8,565.7007394,2,720,94.18964154,
ICA,纳米,180,40,0.25,6.5,1,0,0,0,"Fe, Ce",,9,565.7007394,2,720,76.51887901,
ICA,纳米,180,40,0.25,6.5,1,0,0,0,"Fe, Ce",,10,565.7007394,2,720,52.89815546,
ICA,纳米,180,40,0.25,6.5,1,0,0,0,"Fe, Ce",,11,565.7007394,2,720,35.92510733,
ICA,纳米,180,40,0.25,6.5,1,0,0,0,"Fe, Ce",,2,685.3556197,2,720,303.6612665,
ICA,纳米,180,40,0.25,6.5,1,0,0,0,"Fe, Ce",,3,685.3556197,2,720,323.22647,
ICA,纳米,180,40,0.25,6.5,1,0,0,0,"Fe, Ce",,4,685.3556197,2,720,315.7194158,
ICA,纳米,180,40,0.25,6.5,1,0,0,0,"Fe, Ce",,5,685.3556197,2,720,285.2372455,
ICA,纳米,180,40,0.25,6.5,1,0,0,0,"Fe, Ce",,6,685.3556197,2,720,148.8820405,
ICA,纳米,180,40,0.25,6.5,1,0,0,0,"Fe, Ce",,7,685.3556197,2,720,89.40699137,
ICA,纳米,180,40,0.25,6.5,1,0,0,0,"Fe, Ce",,8,685.3556197,2,720,88.12367976,
ICA,纳米,180,40,0.25,6.5,1,0,0,0,"Fe, Ce",,9,685.3556197,2,720,64.77021865,
ICA,纳米,180,40,0.25,6.5,1,0,0,0,"Fe, Ce",,10,685.3556197,2,720,33.5655984,
ICA,纳米,180,40,0.25,6.5,1,0,0,0,"Fe, Ce",,11,685.3556197,2,720,20.63397432,
ICA,纳米,180,40,0.25,6.5,1,0,0,0,"Fe, Ce",,2,628.8063545,2,720,260.5395613,
ICA,纳米,180,40,0.25,6.5,1,0,0,0,"Fe, Ce",,3,628.8063545,2,720,218.5018284,
ICA,纳米,180,40,0.25,6.5,1,0,0,0,"Fe, Ce",,4,628.8063545,2,720,205.794731,
ICA,纳米,180,40,0.25,6.5,1,0,0,0,"Fe, Ce",,5,628.8063545,2,720,183.7045075,
ICA,纳米,180,40,0.25,6.5,1,0,0,0,"Fe, Ce",,6,628.8063545,2,720,93.61194342,
ICA,纳米,180,40,0.25,6.5,1,0,0,0,"Fe, Ce",,7,628.8063545,2,720,53.14503517,
ICA,纳米,180,40,0.25,6.5,1,0,0,0,"Fe, Ce",,8,628.8063545,2,720,32.60267954,
ICA,纳米,180,40,0.25,6.5,1,0,0,0,"Fe, Ce",,9,628.8063545,2,720,19.22735767,
ICA,纳米,180,40,0.25,6.5,1,0,0,0,"Fe, Ce",,10,628.8063545,2,720,4.454889681,
ICA,纳米,180,40,0.25,6.5,1,0,0,0,"Fe, Ce",,11,628.8063545,2,720,11.38452595,
ICA,纳米,180,40,0.25,6.5,1,0,0,0,"Fe, Ce",,4,22.15489788,2,720,4.777876988,
ICA,纳米,180,40,0.25,6.5,1,0,0,0,"Fe, Ce",,4,43.99759875,2,720,18.44719804,
ICA,纳米,180,40,0.25,6.5,1,0,0,0,"Fe, Ce",,4,33.07624832,2,720,13.48276398,
ICA,纳米,180,40,0.25,6.5,1,0,0,0,"Fe, Ce",,4,86.01120532,2,720,40.3404966,
ICA,纳米,180,40,0.25,6.5,1,0,0,0,"Fe, Ce",,4,136.3000572,2,720,63.49665198,
ICA,纳米,180,40,0.25,6.5,1,0,0,0,"Fe, Ce",,4,187.7503697,2,720,90.04591415,
ICA,纳米,180,40,0.25,6.5,1,0,0,0,"Fe, Ce",,4,286.0646008,2,720,135.610643,
ICA,纳米,180,40,0.25,6.5,1,0,0,0,"Fe, Ce",,4,386.3765917,2,720,180.3838884,
ICA,纳米,180,40,0.25,6.5,1,0,0,0,"Fe, Ce",,4,490.1820265,2,720,197.8910903,
ICA,纳米,180,40,0.25,6.5,1,0,0,0,"Fe, Ce",,4,589.8742569,2,720,205.344089,
ICA,纳米,180,40,0.25,6.5,1,0,0,0,"Fe, Ce",,4,761.6024751,2,720,218.3846262,
ICA,纳米,180,40,0.25,6.5,1,0,0,0,"Fe, Ce",,4,998.7140534,2,720,217.5092987,
ICA,纳米,180,40,0.25,6.5,1,0,0,0,"Fe, Ce",,4,21.74933775,2,720,5.221711192,
ICA,纳米,180,40,0.25,6.5,1,0,0,0,"Fe, Ce",,4,42.63270478,2,720,18.38220798,
ICA,纳米,180,40,0.25,6.5,1,0,0,0,"Fe, Ce",,4,66.44350793,2,720,29.34244511,
ICA,纳米,180,40,0.25,6.5,1,0,0,0,"Fe, Ce",,4,90.33086743,2,720,43.99656272,
ICA,纳米,180,40,0.25,6.5,1,0,0,0,"Fe, Ce",,4,135.0950892,2,720,64.22448961,
ICA,纳米,180,40,0.25,6.5,1,0,0,0,"Fe, Ce",,4,182.4821338,2,720,86.31828704,
ICA,纳米,180,40,0.25,6.5,1,0,0,0,"Fe, Ce",,4,278.8400052,2,720,132.6580953,
ICA,纳米,180,40,0.25,6.5,1,0,0,0,"Fe, Ce",,4,387.3588707,2,720,174.209886,
ICA,纳米,180,40,0.25,6.5,1,0,0,0,"Fe, Ce",,4,496.660573,2,720,180.2533804,
ICA,纳米,180,40,0.25,6.5,1,0,0,0,"Fe, Ce",,4,597.4360606,2,720,184.266436,
ICA,纳米,180,40,0.25,6.5,1,0,0,0,"Fe, Ce",,4,783.0044775,2,720,198.4035397,
ICA,纳米,180,40,0.25,6.5,1,0,0,0,"Fe, Ce",,4,1000.109602,2,720,197.6588376,
ICA,纳米,180,40,0.25,6.5,1,0,0,0,"Fe, Ce",,4,486.6034615,2,2,122.7222686,
ICA,纳米,180,40,0.25,6.5,1,0,0,0,"Fe, Ce",,4,486.6034615,2,5,203.1147177,
ICA,纳米,180,40,0.25,6.5,1,0,0,0,"Fe, Ce",,4,486.6034615,2,10,205.1278471,
ICA,纳米,180,40,0.25,6.5,1,0,0,0,"Fe, Ce",,4,486.6034615,2,20,205.5243447,
ICA,纳米,180,40,0.25,6.5,1,0,0,0,"Fe, Ce",,4,486.6034615,2,30,185.0637647,
ICA,纳米,180,40,0.25,6.5,1,0,0,0,"Fe, Ce",,4,486.6034615,2,60,197.8505841,
ICA,纳米,180,40,0.25,6.5,1,0,0,0,"Fe, Ce",,4,486.6034615,2,90,200.6126334,
ICA,纳米,180,40,0.25,6.5,1,0,0,0,"Fe, Ce",,4,486.6034615,2,145,203.2017323,
ICA,纳米,180,40,0.25,6.5,1,0,0,0,"Fe, Ce",,4,486.6034615,2,265,210.0017466,
ICA,纳米,180,40,0.25,6.5,1,0,0,0,"Fe, Ce",,4,486.6034615,2,360,212.3474759,
ICA,纳米,180,40,0.25,6.5,1,0,0,0,"Fe, Ce",,4,486.6034615,2,450,212.8454736,
ICA,纳米,180,40,0.25,6.5,1,0,0,0,"Fe, Ce",,4,486.6034615,2,710,213.295403,
ICA,纳米,180,40,0.25,6.5,1,0,0,0,"Fe, Ce",,4,486.6034615,2,1440,218.3146843,
ICA,纳米,180,40,0.25,6.5,1,0,0,0,"Fe, Ce",,4,118.4358247,2,2,53.75997062,
ICA,纳米,180,40,0.25,6.5,1,0,0,0,"Fe, Ce",,4,118.4358247,2,5,56.1869893,
ICA,纳米,180,40,0.25,6.5,1,0,0,0,"Fe, Ce",,4,118.4358247,2,10,56.63644191,
ICA,纳米,180,40,0.25,6.5,1,0,0,0,"Fe, Ce",,4,118.4358247,2,20,56.60662529,
ICA,纳米,180,40,0.25,6.5,1,0,0,0,"Fe, Ce",,4,118.4358247,2,30,56.8140812,
ICA,纳米,180,40,0.25,6.5,1,0,0,0,"Fe, Ce",,4,118.4358247,2,60,56.95282897,
ICA,纳米,180,40,0.25,6.5,1,0,0,0,"Fe, Ce",,4,118.4358247,2,90,57.39374601,
ICA,纳米,180,40,0.25,6.5,1,0,0,0,"Fe, Ce",,4,118.4358247,2,150,57.38584428,
ICA,纳米,180,40,0.25,6.5,1,0,0,0,"Fe, Ce",,4,118.4358247,2,270,57.45191945,
ICA,纳米,180,40,0.25,6.5,1,0,0,0,"Fe, Ce",,4,118.4358247,2,360,57.29073696,
ICA,纳米,180,40,0.25,6.5,1,0,0,0,"Fe, Ce",,4,118.4358247,2,450,57.59318222,
ICA,纳米,180,40,0.25,6.5,1,0,0,0,"Fe, Ce",,4,118.4358247,2,720,57.54047104,
ICA,纳米,180,40,0.25,6.5,1,0,0,0,"Fe, Ce",,4,118.4358247,2,1450,57.50777866,
ICA,纳米,180,40,0.25,6.5,1,0,0,0,"Fe, Ce",,4,118.4358247,2,5,56.20850761,
ICA,纳米,180,40,0.25,6.5,1,0,0,0,"Fe, Ce",,4,118.4358247,2,10,56.23034231,
ICA,纳米,180,40,0.25,6.5,1,0,0,0,"Fe, Ce",,4,118.4358247,2,20,56.09306328,
ICA,纳米,180,40,0.25,6.5,1,0,0,0,"Fe, Ce",,4,118.4358247,2,30,56.40922767,
ICA,纳米,180,40,0.25,6.5,1,0,0,0,"Fe, Ce",,4,118.4358247,2,60,56.39367206,
ICA,纳米,180,40,0.25,6.5,1,0,0,0,"Fe, Ce",,4,118.4358247,2,90,56.71479912,
ICA,纳米,180,40,0.25,6.5,1,0,0,0,"Fe, Ce",,4,118.4358247,2,150,56.6471135,
ICA,纳米,180,40,0.25,6.5,1,0,0,0,"Fe, Ce",,4,118.4358247,2,270,56.61334468,
ICA,纳米,180,40,0.25,6.5,1,0,0,0,"Fe, Ce",,4,118.4358247,2,360,56.22031854,
ICA,纳米,180,40,0.25,6.5,1,0,0,0,"Fe, Ce",,4,118.4358247,2,490,56.68375648,
ICA,纳米,180,40,0.25,6.5,1,0,0,0,"Fe, Ce",,4,118.4358247,2,720,56.5683918,
ICA,纳米,180,40,0.25,6.5,1,0,0,0,"Fe, Ce",,4,118.4358247,2,1440,56.661072,
ICO,纳米,24,30,0.09,6.3,1,0,0,0,"Fe, Ce",,3,23.54450943,2,720,4.511488337,
ICO,纳米,24,30,0.09,6.3,1,0,0,0,"Fe, Ce",,3,46.17760814,2,720,19.49309772,
ICO,纳米,24,30,0.09,6.3,1,0,0,0,"Fe, Ce",,3,70.72502303,2,720,23.22150768,
ICO,纳米,24,30,0.09,6.3,1,0,0,0,"Fe, Ce",,3,94.17728209,2,720,25.0369047,
ICO,纳米,24,30,0.09,6.3,1,0,0,0,"Fe, Ce",,3,143.1901906,2,720,30.36612829,
ICO,纳米,24,30,0.09,6.3,1,0,0,0,"Fe, Ce",,3,190.6827545,2,720,39.89351049,
ICO,纳米,24,30,0.09,6.3,1,0,0,0,"Fe, Ce",,3,288.425,2,720,48.33562628,
ICO,纳米,24,30,0.09,6.3,1,0,0,0,"Fe, Ce",,3,382.5686854,2,720,52.59676517,
ICO,纳米,24,30,0.09,6.3,1,0,0,0,"Fe, Ce",,3,490.7002596,2,720,61.94190972,
ICO,纳米,24,30,0.09,6.3,1,0,0,0,"Fe, Ce",,3,569.6543875,2,720,66.56686065,
ICO,纳米,24,30,0.09,6.3,1,0,0,0,"Fe, Ce",,3,776.0317757,2,720,65.26271491,
ICO,纳米,24,30,0.09,6.3,1,0,0,0,"Fe, Ce",,3,931.2158285,2,720,61.03031295,
ICO,纳米,24,30,0.09,6.3,1,0,0,0,"Fe, Ce",,3,23.54450943,2,720,8.476086516,
ICO,纳米,24,30,0.09,6.3,1,0,0,0,"Fe, Ce",,3,46.17760814,2,720,19.65403857,
ICO,纳米,24,30,0.09,6.3,1,0,0,0,"Fe, Ce",,3,70.72502303,2,720,22.80810969,
ICO,纳米,24,30,0.09,6.3,1,0,0,0,"Fe, Ce",,3,94.17728209,2,720,24.74701272,
ICO,纳米,24,30,0.09,6.3,1,0,0,0,"Fe, Ce",,3,143.1901906,2,720,30.88788851,
ICO,纳米,24,30,0.09,6.3,1,0,0,0,"Fe, Ce",,3,190.6827545,2,720,36.52482746,
ICO,纳米,24,30,0.09,6.3,1,0,0,0,"Fe, Ce",,3,288.425,2,720,34.90216907,
ICO,纳米,24,30,0.09,6.3,1,0,0,0,"Fe, Ce",,3,382.5686854,2,720,49.35078466,
ICO,纳米,24,30,0.09,6.3,1,0,0,0,"Fe, Ce",,3,490.7002596,2,720,59.30876334,
ICO,纳米,24,30,0.09,6.3,1,0,0,0,"Fe, Ce",,3,569.6543875,2,720,58.32053061,
ICO,纳米,24,30,0.09,6.3,1,0,0,0,"Fe, Ce",,3,776.0317757,2,720,62.20938633,
ICO,纳米,24,30,0.09,6.3,1,0,0,0,"Fe, Ce",,3,931.2158285,2,720,63.53759723,
ICO,纳米,24,30,0.09,6.3,1,0,0,0,"Fe, Ce",,3,486.6034615,2,2,77.332373,
ICO,纳米,24,30,0.09,6.3,1,0,0,0,"Fe, Ce",,3,486.6034615,2,5,82.08540701,
ICO,纳米,24,30,0.09,6.3,1,0,0,0,"Fe, Ce",,3,486.6034615,2,10,85.112661,
ICO,纳米,24,30,0.09,6.3,1,0,0,0,"Fe, Ce",,3,486.6034615,2,20,77.3615068,
ICO,纳米,24,30,0.09,6.3,1,0,0,0,"Fe, Ce",,3,486.6034615,2,30,80.87438771,
ICO,纳米,24,30,0.09,6.3,1,0,0,0,"Fe, Ce",,3,486.6034615,2,60,70.49944571,
ICO,纳米,24,30,0.09,6.3,1,0,0,0,"Fe, Ce",,3,486.6034615,2,90,73.84752342,
ICO,纳米,24,30,0.09,6.3,1,0,0,0,"Fe, Ce",,3,486.6034615,2,150,75.87674629,
ICO,纳米,24,30,0.09,6.3,1,0,0,0,"Fe, Ce",,3,486.6034615,2,270,73.260144,
ICO,纳米,24,30,0.09,6.3,1,0,0,0,"Fe, Ce",,3,486.6034615,2,360,75.24641494,
ICO,纳米,24,30,0.09,6.3,1,0,0,0,"Fe, Ce",,3,486.6034615,2,450,81.84416539,
ICO,纳米,24,30,0.09,6.3,1,0,0,0,"Fe, Ce",,3,486.6034615,2,720,75.73601901,
ICO,纳米,24,30,0.09,6.3,1,0,0,0,"Fe, Ce",,3,486.6034615,2,1440,61.19315423,
ICO,纳米,24,30,0.09,6.3,1,0,0,0,"Fe, Ce",,3,486.6034615,2,2,15.75710503,
ICO,纳米,24,30,0.09,6.3,1,0,0,0,"Fe, Ce",,3,486.6034615,2,5,20.13422737,
ICO,纳米,24,30,0.09,6.3,1,0,0,0,"Fe, Ce",,3,486.6034615,2,10,20.17890565,
ICO,纳米,24,30,0.09,6.3,1,0,0,0,"Fe, Ce",,3,486.6034615,2,20,24.08060169,
ICO,纳米,24,30,0.09,6.3,1,0,0,0,"Fe, Ce",,3,486.6034615,2,30,58.53610909,
ICO,纳米,24,30,0.09,6.3,1,0,0,0,"Fe, Ce",,3,486.6034615,2,60,67.61056526,
ICO,纳米,24,30,0.09,6.3,1,0,0,0,"Fe, Ce",,3,486.6034615,2,90,54.24974306,
ICO,纳米,24,30,0.09,6.3,1,0,0,0,"Fe, Ce",,3,486.6034615,2,150,45.60578301,
ICO,纳米,24,30,0.09,6.3,1,0,0,0,"Fe, Ce",,3,486.6034615,2,270,53.33774718,
ICO,纳米,24,30,0.09,6.3,1,0,0,0,"Fe, Ce",,3,486.6034615,2,360,49.44004464,
ICO,纳米,24,30,0.09,6.3,1,0,0,0,"Fe, Ce",,3,486.6034615,2,450,58.83435682,
ICO,纳米,24,30,0.09,6.3,1,0,0,0,"Fe, Ce",,3,486.6034615,2,720,41.25346901,
ICO,纳米,24,30,0.09,6.3,1,0,0,0,"Fe, Ce",,3,486.6034615,2,1440,42.48878413,
ICO,纳米,24,30,0.09,6.3,1,0,0,0,"Fe, Ce",,2,947.5791186,2,1440,80.63169355,
ICO,纳米,24,30,0.09,6.3,1,0,0,0,"Fe, Ce",,3,947.5791186,2,1440,73.96365333,
ICO,纳米,24,30,0.09,6.3,1,0,0,0,"Fe, Ce",,4,947.5791186,2,1440,56.14203035,
ICO,纳米,24,30,0.09,6.3,1,0,0,0,"Fe, Ce",,5,947.5791186,2,1440,49.25286988,
ICO,纳米,24,30,0.09,6.3,1,0,0,0,"Fe, Ce",,6,947.5791186,2,1440,15.84090762,
ICO,纳米,24,30,0.09,6.3,1,0,0,0,"Fe, Ce",,7,947.5791186,2,1440,3.66355208,
ICO,纳米,24,30,0.09,6.3,1,0,0,0,"Fe, Ce",,8,947.5791186,2,1440,0,
ICO,纳米,24,30,0.09,6.3,1,0,0,0,"Fe, Ce",,9,947.5791186,2,1440,0,
ICO,纳米,24,30,0.09,6.3,1,0,0,0,"Fe, Ce",,10,947.5791186,2,1440,0,
ICO,纳米,24,30,0.09,6.3,1,0,0,0,"Fe, Ce",,11,947.5791186,2,1440,0,
ICO,纳米,24,30,0.09,6.3,1,0,0,0,"Fe, Ce",,2,947.5791186,2,1440,93.93700716,
ICO,纳米,24,30,0.09,6.3,1,0,0,0,"Fe, Ce",,3,947.5791186,2,1440,87.84070922,
ICO,纳米,24,30,0.09,6.3,1,0,0,0,"Fe, Ce",,4,947.5791186,2,1440,60.74219109,
ICO,纳米,24,30,0.09,6.3,1,0,0,0,"Fe, Ce",,5,947.5791186,2,1440,43.85202058,
ICO,纳米,24,30,0.09,6.3,1,0,0,0,"Fe, Ce",,6,947.5791186,2,1440,14.05509585,
ICO,纳米,24,30,0.09,6.3,1,0,0,0,"Fe, Ce",,7,947.5791186,2,1440,2.510101387,
ICO,纳米,24,30,0.09,6.3,1,0,0,0,"Fe, Ce",,8,947.5791186,2,1440,0,
ICO,纳米,24,30,0.09,6.3,1,0,0,0,"Fe, Ce",,9,947.5791186,2,1440,0,
ICO,纳米,24,30,0.09,6.3,1,0,0,0,"Fe, Ce",,10,947.5791186,2,1440,0,
ICO,纳米,24,30,0.09,6.3,1,0,0,0,"Fe, Ce",,11,947.5791186,2,1440,0,
Sc-1,微米,58,0.27,130,,1,0,0,0,Sc,,2,565.8104404,2,2,82.99273821,
Sc-1,微米,58,0.27,130,,1,0,0,0,Sc,,2,565.8104404,2,5,88.70187346,
Sc-1,微米,58,0.27,130,,1,0,0,0,Sc,,2,565.8104404,2,10,91.22876798,
Sc-1,微米,58,0.27,130,,1,0,0,0,Sc,,2,565.8104404,2,15,88.43369137,
Sc-1,微米,58,0.27,130,,1,0,0,0,Sc,,2,565.8104404,2,20,96.75169581,
Sc-1,微米,58,0.27,130,,1,0,0,0,Sc,,2,565.8104404,2,30,89.93995534,
Sc-1,微米,58,0.27,130,,1,0,0,0,Sc,,2,565.8104404,2,60,101.8767125,
Sc-1,微米,58,0.27,130,,1,0,0,0,Sc,,2,565.8104404,2,90,101.9578178,
Sc-1,微米,58,0.27,130,,1,0,0,0,Sc,,2,565.8104404,2,120,99.4593853,
Sc-1,微米,58,0.27,130,,1,0,0,0,Sc,,2,565.8104404,2,150,106.2172328,
Sc-1,微米,58,0.27,130,,1,0,0,0,Sc,,2,565.8104404,2,180,109.5870875,
Sc-1,微米,58,0.27,130,,1,0,0,0,Sc,,2,565.8104404,2,2,95.41027666,
Sc-1,微米,58,0.27,130,,1,0,0,0,Sc,,2,565.8104404,2,5,103.2176297,
Sc-1,微米,58,0.27,130,,1,0,0,0,Sc,,2,565.8104404,2,10,106.0196676,
Sc-1,微米,58,0.27,130,,1,0,0,0,Sc,,2,565.8104404,2,15,103.8278773,
Sc-1,微米,58,0.27,130,,1,0,0,0,Sc,,2,565.8104404,2,20,113.7290263,
Sc-1,微米,58,0.27,130,,1,0,0,0,Sc,,2,565.8104404,2,30,103.6080532,
Sc-1,微米,58,0.27,130,,1,0,0,0,Sc,,2,565.8104404,2,60,117.937804,
Sc-1,微米,58,0.27,130,,1,0,0,0,Sc,,2,565.8104404,2,90,116.8925679,
Sc-1,微米,58,0.27,130,,1,0,0,0,Sc,,2,565.8104404,2,120,113.0883622,
Sc-1,微米,58,0.27,130,,1,0,0,0,Sc,,2,565.8104404,2,150,122.6562225,
Sc-1,微米,58,0.27,130,,1,0,0,0,Sc,,2,565.8104404,2,180,118.6677594,
Sc-1,微米,58,0.27,130,,1,0,0,0,Sc,,1,609.9030988,2,720,62.94739439,
Sc-1,微米,58,0.27,130,,1,0,0,0,Sc,,1,609.9030988,2,720,49.66298567,
Sc-1,微米,58,0.27,130,,1,0,0,0,Sc,,2,609.9030988,2,720,215.3561349,
Sc-1,微米,58,0.27,130,,1,0,0,0,Sc,,2,609.9030988,2,720,249.5581118,
Sc-1,微米,58,0.27,130,,1,0,0,0,Sc,,3,609.9030988,2,720,279.4180489,
Sc-1,微米,58,0.27,130,,1,0,0,0,Sc,,3,609.9030988,2,720,317.6560056,
Sc-1,微米,58,0.27,130,,1,0,0,0,Sc,,4,609.9030988,2,720,182.764298,
Sc-1,微米,58,0.27,130,,1,0,0,0,Sc,,4,609.9030988,2,720,188.3221465,
Sc-1,微米,58,0.27,130,,1,0,0,0,Sc,,5,609.9030988,2,720,136.4344079,
Sc-1,微米,58,0.27,130,,1,0,0,0,Sc,,5,609.9030988,2,720,147.7930331,
Sc-1,微米,58,0.27,130,,1,0,0,0,Sc,,7,609.9030988,2,720,56.24921114,
Sc-1,微米,58,0.27,130,,1,0,0,0,Sc,,7,609.9030988,2,720,54.46308865,
Sc-1,微米,58,0.27,130,,1,0,0,0,Sc,,9,609.9030988,2,720,24.42669615,
Sc-1,微米,58,0.27,130,,1,0,0,0,Sc,,9,609.9030988,2,720,24.55703275,
Sc-1,微米,58,0.27,130,,1,0,0,0,Sc,,11,609.9030988,2,720,6.263302377,
Sc-1,微米,58,0.27,130,,1,0,0,0,Sc,,11,609.9030988,2,720,8.460125135,
Sc-1,微米,58,0.27,130,,1,0,0,0,Sc,,3,24.78672021,2,720,10.51902454,
Sc-1,微米,58,0.27,130,,1,0,0,0,Sc,,3,48.54295547,2,720,21.58647942,
Sc-1,微米,58,0.27,130,,1,0,0,0,Sc,,3,73.7403777,2,720,34.05588,
Sc-1,微米,58,0.27,130,,1,0,0,0,Sc,,3,98.11889933,2,720,42.81092682,
Sc-1,微米,58,0.27,130,,1,0,0,0,Sc,,3,147.3499626,2,720,68.38236763,
Sc-1,微米,58,0.27,130,,1,0,0,0,Sc,,3,196.868273,2,720,88.77301222,
Sc-1,微米,58,0.27,130,,1,0,0,0,Sc,,3,295.5710825,2,720,137.0232061,
Sc-1,微米,58,0.27,130,,1,0,0,0,Sc,,3,396.83263,2,720,176.6704581,
Sc-1,微米,58,0.27,130,,1,0,0,0,Sc,,3,490.6770062,2,720,207.0068667,
Sc-1,微米,58,0.27,130,,1,0,0,0,Sc,,3,590.813458,2,720,199.9193218,
Sc-1,微米,58,0.27,130,,1,0,0,0,Sc,,3,808.496207,2,720,224.3277564,
Sc-1,微米,58,0.27,130,,1,0,0,0,Sc,,3,956.3753216,2,720,228.7731975,
Sc-1,微米,58,0.27,130,,1,0,0,0,Sc,,3,24.78672021,2,720,9.896182577,
Sc-1,微米,58,0.27,130,,1,0,0,0,Sc,,3,48.54295547,2,720,18.81988296,
Sc-1,微米,58,0.27,130,,1,0,0,0,Sc,,3,73.7403777,2,720,33.25675347,
Sc-1,微米,58,0.27,130,,1,0,0,0,Sc,,3,98.11889933,2,720,44.44210625,
Sc-1,微米,58,0.27,130,,1,0,0,0,Sc,,3,147.3499626,2,720,62.23518479,
Sc-1,微米,58,0.27,130,,1,0,0,0,Sc,,3,196.868273,2,720,85.78219997,
Sc-1,微米,58,0.27,130,,1,0,0,0,Sc,,3,295.5710825,2,720,135.9132452,
Sc-1,微米,58,0.27,130,,1,0,0,0,Sc,,3,396.83263,2,720,186.6030814,
Sc-1,微米,58,0.27,130,,1,0,0,0,Sc,,3,490.6770062,2,720,233.9984547,
Sc-1,微米,58,0.27,130,,1,0,0,0,Sc,,3,590.813458,2,720,280.4384943,
Sc-1,微米,58,0.27,130,,1,0,0,0,Sc,,3,808.496207,2,720,272.2294369,
Sc-1,微米,58,0.27,130,,1,0,0,0,Sc,,3,956.3753216,2,720,277.3627414,
Sc-2,微米,2,0.006,70,,1,1,0,0,Sc,,2,639.9649669,2,720,277.6010185,
Sc-2,微米,2,0.006,70,,1,1,0,0,Sc,,4,639.9649669,2,720,271.9034404,
Sc-2,微米,2,0.006,70,,1,1,0,0,Sc,,6,639.9649669,2,720,33.76746525,
Sc-2,微米,2,0.006,70,,1,1,0,0,Sc,,8,639.9649669,2,720,26.4660805,
Sc-2,微米,2,0.006,70,,1,1,0,0,Sc,,10,639.9649669,2,720,21.41347167,
Sc-2,微米,2,0.006,70,,1,1,0,0,Sc,,2,629.7030002,2,720,297.5652027,
Sc-2,微米,2,0.006,70,,1,1,0,0,Sc,,3,629.7030002,2,720,300.4650235,
Sc-2,微米,2,0.006,70,,1,1,0,0,Sc,,4,629.7030002,2,720,310.5503034,
Sc-2,微米,2,0.006,70,,1,1,0,0,Sc,,5,629.7030002,2,720,144.4638021,
Sc-2,微米,2,0.006,70,,1,1,0,0,Sc,,7,629.7030002,2,720,15.36522944,
Sc-2,微米,2,0.006,70,,1,1,0,0,Sc,,9,629.7030002,2,720,11.48056199,
Sc-2,微米,2,0.006,70,,1,1,0,0,Sc,,11,629.7030002,2,720,2.915840188,
Sc-2,微米,2,0.006,70,,1,1,0,0,Sc,,2,629.7030002,2,720,297.8908814,
Sc-2,微米,2,0.006,70,,1,1,0,0,Sc,,3,629.7030002,2,720,272.7667673,
Sc-2,微米,2,0.006,70,,1,1,0,0,Sc,,3,629.7030002,2,720,273.0745069,
Sc-2,微米,2,0.006,70,,1,1,0,0,Sc,,4,629.7030002,2,720,301.60493,
Sc-2,微米,2,0.006,70,,1,1,0,0,Sc,,4,629.7030002,2,720,301.5350104,
Sc-2,微米,2,0.006,70,,1,1,0,0,Sc,,5,629.7030002,2,720,141.3115469,
Sc-2,微米,2,0.006,70,,1,1,0,0,Sc,,7,629.7030002,2,720,18.22053124,
Sc-2,微米,2,0.006,70,,1,1,0,0,Sc,,9,629.7030002,2,720,12.99828099,
Sc-2,微米,2,0.006,70,,1,1,0,0,Sc,,11,629.7030002,2,720,9.234411903,
Sc-2,微米,2,0.006,70,,1,1,0,0,Sc,,4,96.40551478,2,720,36.12093511,
Sc-2,微米,2,0.006,70,,1,1,0,0,Sc,,4,191.7641159,2,720,86.24260298,
Sc-2,微米,2,0.006,70,,1,1,0,0,Sc,,4,297.8814141,2,720,144.2339301,
Sc-2,微米,2,0.006,70,,1,1,0,0,Sc,,4,389.748572,2,720,185.151272,
Sc-2,微米,2,0.006,70,,1,1,0,0,Sc,,4,498.360553,2,720,239.594255,
Sc-2,微米,2,0.006,70,,1,1,0,0,Sc,,4,592.5416215,2,720,271.510067,
Sc-2,微米,2,0.006,70,,1,1,0,0,Sc,,4,786.0247276,2,720,367.9768931,
Sc-2,微米,2,0.006,70,,1,1,0,0,Sc,,4,971.6285809,2,720,445.2811976,
Sc-2,微米,2,0.006,70,,1,1,0,0,Sc,,4,1518.467986,2,720,671.697714,
Sc-2,微米,2,0.006,70,,1,1,0,0,Sc,,4,1943.565137,2,720,770.7463672,
Sc-2,微米,2,0.006,70,,1,1,0,0,Sc,,4,2442.39789,2,720,753.9175054,
Sc-2,微米,2,0.006,70,,1,1,0,0,Sc,,4,2856.683641,2,720,822.7606374,
Sc-2,微米,2,0.006,70,,1,1,0,0,Sc,,4,4185.135893,2,720,876.9791824,
Sc-2,微米,2,0.006,70,,1,1,0,0,Sc,,4,4994.48397,2,720,895.8844855,
Sc-2,微米,2,0.006,70,,1,1,0,0,Sc,,4,96.40551478,2,720,37.40548142,
Sc-2,微米,2,0.006,70,,1,1,0,0,Sc,,4,191.7641159,2,720,87.05263764,
Sc-2,微米,2,0.006,70,,1,1,0,0,Sc,,4,297.8814141,2,720,145.0881175,
Sc-2,微米,2,0.006,70,,1,1,0,0,Sc,,4,389.748572,2,720,185.7154164,
Sc-2,微米,2,0.006,70,,1,1,0,0,Sc,,4,498.360553,2,720,240.5399407,
Sc-2,微米,2,0.006,70,,1,1,0,0,Sc,,4,592.5416215,2,720,272.018789,
Sc-2,微米,2,0.006,70,,1,1,0,0,Sc,,4,786.0247276,2,720,368.9158371,
Sc-2,微米,2,0.006,70,,1,1,0,0,Sc,,4,971.6285809,2,720,445.6480924,
Sc-2,微米,2,0.006,70,,1,1,0,0,Sc,,4,1518.467986,2,720,628.237948,
Sc-2,微米,2,0.006,70,,1,1,0,0,Sc,,4,1943.565137,2,720,774.4857492,
Sc-2,微米,2,0.006,70,,1,1,0,0,Sc,,4,2442.39789,2,720,755.684083,
Sc-2,微米,2,0.006,70,,1,1,0,0,Sc,,4,2856.683641,2,720,824.3404832,
Sc-2,微米,2,0.006,70,,1,1,0,0,Sc,,4,4185.135893,2,720,858.9546923,
Sc-2,微米,2,0.006,70,,1,1,0,0,Sc,,4,4994.48397,2,720,908.9952358,
Sc-2,微米,2,0.006,70,,1,1,0,0,Sc,,4,618.0395457,2,2,82.70183071,
Sc-2,微米,2,0.006,70,,1,1,0,0,Sc,,4,618.0395457,2,5,100.5062544,
Sc-2,微米,2,0.006,70,,1,1,0,0,Sc,,4,618.0395457,2,10,100.3257587,
Sc-2,微米,2,0.006,70,,1,1,0,0,Sc,,4,618.0395457,2,15,151.1029044,
Sc-2,微米,2,0.006,70,,1,1,0,0,Sc,,4,618.0395457,2,20,215.6828628,
Sc-2,微米,2,0.006,70,,1,1,0,0,Sc,,4,618.0395457,2,30,280.2930778,
Sc-2,微米,2,0.006,70,,1,1,0,0,Sc,,4,618.0395457,2,60,280.0736537,
Sc-2,微米,2,0.006,70,,1,1,0,0,Sc,,4,618.0395457,2,90,281.3575417,
Sc-2,微米,2,0.006,70,,1,1,0,0,Sc,,4,618.0395457,2,120,281.4899238,
Sc-2,微米,2,0.006,70,,1,1,0,0,Sc,,4,618.0395457,2,150,282.2172953,
Sc-2,微米,2,0.006,70,,1,1,0,0,Sc,,4,618.0395457,2,180,282.5659247,
Sc-2,微米,2,0.006,70,,1,1,0,0,Sc,,4,618.0395457,2,240,282.9168798,
Sc-2,微米,2,0.006,70,,1,1,0,0,Sc,,4,618.0395457,2,2,57.74039107,
Sc-2,微米,2,0.006,70,,1,1,0,0,Sc,,4,618.0395457,2,5,93.35298643,
Sc-2,微米,2,0.006,70,,1,1,0,0,Sc,,4,618.0395457,2,10,109.8328588,
Sc-2,微米,2,0.006,70,,1,1,0,0,Sc,,4,618.0395457,2,15,158.1583232,
Sc-2,微米,2,0.006,70,,1,1,0,0,Sc,,4,618.0395457,2,20,222.9505509,
Sc-2,微米,2,0.006,70,,1,1,0,0,Sc,,4,618.0395457,2,30,287.6013239,
Sc-2,微米,2,0.006,70,,1,1,0,0,Sc,,4,618.0395457,2,60,287.1830127,
Sc-2,微米,2,0.006,70,,1,1,0,0,Sc,,4,618.0395457,2,90,287.8644056,
Sc-2,微米,2,0.006,70,,1,1,0,0,Sc,,4,618.0395457,2,120,288.4026943,
Sc-2,微米,2,0.006,70,,1,1,0,0,Sc,,4,618.0395457,2,150,289.266634,
Sc-2,微米,2,0.006,70,,1,1,0,0,Sc,,4,618.0395457,2,180,289.539921,
Sc-2,微米,2,0.006,70,,1,1,0,0,Sc,,4,618.0395457,2,240,289.1424846,
ScOOH,微米,,,,,1,0,0,0,Sc,,2,513.7325246,2,720,86.83533781,
ScOOH,微米,,,,,1,0,0,0,Sc,,3,513.7325246,2,720,72.65624024,
ScOOH,微米,,,,,1,0,0,0,Sc,,4,513.7325246,2,720,56.77032747,
ScOOH,微米,,,,,1,0,0,0,Sc,,5,513.7325246,2,720,28.93165113,
ScOOH,微米,,,,,1,0,0,0,Sc,,7,513.7325246,2,720,4.409301216,
ScOOH,微米,,,,,1,0,0,0,Sc,,9,513.7325246,2,720,2.196873732,
ScOOH,微米,,,,,1,0,0,0,Sc,,11,513.7325246,2,720,4.464808027,
ScOOH,微米,,,,,1,0,0,0,Sc,,2,513.7325246,2,720,95.48335087,
ScOOH,微米,,,,,1,0,0,0,Sc,,3,513.7325246,2,720,83.66425364,
ScOOH,微米,,,,,1,0,0,0,Sc,,4,513.7325246,2,720,70.47098334,
ScOOH,微米,,,,,1,0,0,0,Sc,,5,513.7325246,2,720,47.20383394,
ScOOH,微米,,,,,1,0,0,0,Sc,,7,513.7325246,2,720,21.93429082,
ScOOH,微米,,,,,1,0,0,0,Sc,,9,513.7325246,2,720,19.54730986,
ScOOH,微米,,,,,1,0,0,0,Sc,,11,513.7325246,2,720,18.69691469,
Al24,纳米,496,12,,,1,0,1,1,Al,,2,704.8476194,2,720,114.8963081,
Al24,纳米,496,12,,,1,0,1,1,Al,,2,704.8476194,2,720,107.615543,
Al24,纳米,496,12,,,1,0,1,1,Al,,3,704.8476194,2,720,80.73167351,
Al24,纳米,496,12,,,1,0,1,1,Al,,3,704.8476194,2,720,79.34593585,
Al24,纳米,496,12,,,1,0,1,1,Al,,4,704.8476194,2,720,97.0233936,
Al24,纳米,496,12,,,1,0,1,1,Al,,4,704.8476194,2,720,101.177131,
Al24,纳米,496,12,,,1,0,1,1,Al,,5,704.8476194,2,720,73.36927502,
Al24,纳米,496,12,,,1,0,1,1,Al,,5,704.8476194,2,720,68.94893324,
Al24,纳米,496,12,,,1,0,1,1,Al,,6,704.8476194,2,720,45.92321912,
Al24,纳米,496,12,,,1,0,1,1,Al,,6,704.8476194,2,720,42.29102657,
Al24,纳米,496,12,,,1,0,1,1,Al,,7,704.8476194,2,720,49.60339856,
Al24,纳米,496,12,,,1,0,1,1,Al,,7,704.8476194,2,720,34.91568981,
Al24,纳米,496,12,,,1,0,1,1,Al,,8,704.8476194,2,720,29.12436359,
Al24,纳米,496,12,,,1,0,1,1,Al,,8,704.8476194,2,720,42.20096209,
Al24,纳米,496,12,,,1,0,1,1,Al,,9,704.8476194,2,720,22.3815572,
Al24,纳米,496,12,,,1,0,1,1,Al,,9,704.8476194,2,720,27.84546799,
Al24,纳米,496,12,,,1,0,1,1,Al,,10,704.8476194,2,720,14.55792743,
Al24,纳米,496,12,,,1,0,1,1,Al,,10,704.8476194,2,720,14.39228373,
Al24,纳米,496,12,,,1,0,1,1,Al,,11,704.8476194,2,720,4.148056184,
Al24,纳米,496,12,,,1,0,1,1,Al,,11,704.8476194,2,720,8.404691401,
